Title,URL,Description,Published,Views
"6:32",https://www.youtube.com/watch?v=8wlaXFS6s9E,"विषय : नेपाली  कक्षा : ९ प्रस्तोता : दिनेश के. सी. जालुपा माध्यमिक विद्यालय  टोखा ८, काठमाडौँ  #9Nepali_Exam  #Dinesh_Kandel_KC  विशिष्टीकरण तालिकाअनुसार तया...","",""
"3:25",https://www.youtube.com/watch?v=rbZ5GivF9SE,"कक्षा १२ को सिकाइ सामग्री कक्षा : १२ विषय : नेपाली पाठ : ७ प्रस्तोता : दिनेश के. सी. जालुपा माध्यमिक विद्यालय टोखा ८, काठमाडौँ   # हामीलाई बोलाउँछन् हिमचुली ...","",""
"4:22",https://www.youtube.com/watch?v=WtVu8B1B4As,"कक्षा १२ को सिकाइ सामग्री कक्षा : १२ विषय : नेपाली पाठ : ६ प्रस्तोता : दिनेश के. सी. जालुपा माध्यमिक विद्यालय टोखा ८, काठमाडौँ  #Stephen_Hawking #Dinesh_Kand...","",""
"4:21",https://www.youtube.com/watch?v=ZADwt1MnYeI,"विषय : नेपाली  कक्षा : ६    प्रस्तोता : दिनेश के. सी. जालुपा माध्यमिक विद्यालय टोखा ८, काठमाडौँ #6Nepali #Dinesh_Kandel_KC विशिष्टीकरण तालिकाअनुसार तयार पारि...","",""
"4:11",https://www.youtube.com/watch?v=WA_7EtI6HPo,"विषय : नेपाली  कक्षा : ७   प्रस्तोता : दिनेश के. सी. जालुपा माध्यमिक विद्यालय टोखा ८, काठमाडौँ #7Nepali #Dinesh_Kandel_KC  विशिष्टीकरण तालिकाअनुसार तयार पारि...","",""
"4:21",https://www.youtube.com/watch?v=APFLkFyaJAc,"विषय : नेपाली  कक्षा : ८  प्रस्तोता : दिनेश के. सी. जालुपा माध्यमिक विद्यालय टोखा ८, काठमाडौँ #8Nepali #Dinesh_Kandel_KC विशिष्टीकरण तालिकाअनुसार तयार पारिएक...","",""
"5:07",https://www.youtube.com/watch?v=_i3qp6fd0Xs,"विषय : नेपाली  कक्षा : १० प्रस्तोता : दिनेश के. सी. जालुपा माध्यमिक विद्यालय टोखा ८, काठमाडौँ #10_Nepali #Dinesh_Kandel_KC विशिष्टीकरण तालिकाअनुसार तयार पारि...","",""
"6:37",https://www.youtube.com/watch?v=0FTSR6-U3L4,"विषय : नेपाली  कक्षा : ९ प्रस्तोता : दिनेश के. सी. जालुपा माध्यमिक विद्यालय  टोखा ८, काठमाडौँ #Class9Nepali #Dinesh_Kandel_KC  विशिष्टीकरण तालिकाअनुसार तयार ...","",""
"2:06",https://www.youtube.com/watch?v=MJEGt_7gKw4,"खेल्दै पढौँ खेल्दै सिकौँ  नेपाली भाषा सिकाइ सामग्री २०८३ कक्षा : ६, ७,८, ९ र १० विषय : नेपाली प्रस्तोता : दिनेश के. सी. जालुपा माध्यमिक विद्यालय टोखा ८, काठम...","",""
"7:52",https://www.youtube.com/watch?v=hsN6kWW0euc,"","",""
"3:00",https://www.youtube.com/watch?v=H1IcVMYOBA8,"","",""
"6:18",https://www.youtube.com/watch?v=MhreC_5GAaQ,"'स्वाद' कथा ध्रुवचन्द्र गौतम कक्षा ९ नेपाली पाठ २ दिनेश के.सी. जालुपा माध्यमिक विद्यालय टोखा नगरपालिका ८, गोँगबु, काठमाडौँ #स्वादकथा  #dinesh_kandel_kc","",""
"3:48",https://www.youtube.com/watch?v=PEbYLZvnguM,"उपसर्ग र प्रत्ययको अनुच्छेद अभ्यास  विषय : नेपाली प्रस्तोता : दिनेश के. सी. जालुपा माध्यमिक विद्यालय  टोखा ८, काठमाडौँ  #UPASARGA_PRATYAYA  #उपसर्गप्रत्यय  #...","",""
"3:01",https://www.youtube.com/watch?v=NS1JaUxi0XM,"नेपाली नमुना प्रश्नपत्र सेट कक्षा : ५प्रस्तोता : दिनेश के. सी. जालुपा माध्यमिक विद्यालय टोखा ८, काठमाडौँ #Class5Nepali #Dinesh_Kandel_KC विशिष्टीकरण तालिकाअन...","",""
"3:52",https://www.youtube.com/watch?v=JF2lme8lTvs,"नेपाली नमुना प्रश्नपत्र सेट कक्षा : ४प्रस्तोता : दिनेश के. सी. जालुपा माध्यमिक विद्यालय टोखा ८, काठमाडौँ #Class4Nepali #Dinesh_Kandel_KC विशिष्टीकरण तालिकाअन...","",""
"4:11",https://www.youtube.com/watch?v=QSe0KqbuNnI,"नेपाली नमुना प्रश्नपत्र सेट कक्षा : ६ प्रस्तोता : दिनेश के. सी. जालुपा माध्यमिक विद्यालय टोखा ८, काठमाडौँ #Class6Nepali #Dinesh_Kandel_KC विशिष्टीकरण तालिकाअ...","",""
"4:40",https://www.youtube.com/watch?v=NSb8u8b_7xg,"नेपाली नमुना प्रश्नपत्र सेट कक्षा : ९ प्रस्तोता : दिनेश के. सी. जालुपा माध्यमिक विद्यालय टोखा ८, काठमाडौँ #Class9Nepali #Dinesh_Kandel_KC विशिष्टीकरण तालिकाअ...","",""
"4:03",https://www.youtube.com/watch?v=FGU73XKtTAI,"नेपाली नमुना प्रश्नपत्र सेट ४  कक्षा : ७ प्रस्तोता : दिनेश के. सी. जालुपा माध्यमिक विद्यालय टोखा ८, काठमाडौँ #Class7Nepali #Dinesh_Kandel_KC  विशिष्टीकरण ताल...","",""
"5:43",https://www.youtube.com/watch?v=PuWG2v7H670,"Minutes of the Meeting कक्षा १२ को सिकाइ सामग्री विषय : नेपाली  प्रस्तोता : दिनेश के. सी. जालुपा माध्यमिक विद्यालय टोखा ८, काठमाडौँ #MinutesWriting #बैठकनिर्...","",""
"5:55",https://www.youtube.com/watch?v=nEDEZpd9fxA,"शिरीषको फूल सिकाइ सन्दर्भ सामग्री कक्षा ९ प्रस्तोता : दिनेश के.सी. माध्यमिक तह #Dinesh_Kandel_KC #शिरीषकोफूल #मलाई_मनपर्ने_पुस्तक विशिष्टीकरण तालिकाअनुसार तय...","",""
"4:55",https://www.youtube.com/watch?v=QaZnTVYDRdU,"बोर्ड परीक्षाको तयारी नेपाली नमुना प्रश्नपत्र सेट  कक्षा : १२  प्रस्तोता : दिनेश के. सी. जालुपा माध्यमिक विद्यालय टोखा ८, काठमाडौँ #Class12Nepali #Dinesh_Kan...","",""
"6:21",https://www.youtube.com/watch?v=clGoelYZE2g,"नेपाली नमुना प्रश्नपत्र सेट   कक्षा : ११  प्रस्तोता : दिनेश के. सी. जालुपा माध्यमिक विद्यालय टोखा ८, काठमाडौँ #Class11NepaliExam #Dinesh_Kandel_KC विशिष्टीकर...","",""
"3:51",https://www.youtube.com/watch?v=txwGtGvkZIM,"नेपाली नमुना प्रश्नपत्र सेट   कक्षा : १२  प्रस्तोता : दिनेश के. सी. जालुपा माध्यमिक विद्यालय टोखा ८, काठमाडौँ #Class12NepaliExam  #Dinesh_Kandel_KC विशिष्टीक...","",""
"3:53",https://www.youtube.com/watch?v=SkNmW-WKvPc,"नेपाली नमुना प्रश्नपत्र सेट २  कक्षा : १२  प्रस्तोता : दिनेश के. सी. जालुपा माध्यमिक विद्यालय टोखा ८, काठमाडौँ #12NepaliExam #कक्षा१२नेपाली  #Dinesh_Kandel_K...","",""
"4:51",https://www.youtube.com/watch?v=t63RHRNajZk,"नेपाली नमुना प्रश्नपत्र सेट ५ कक्षा : ९ प्रस्तोता : दिनेश के. सी. जालुपा माध्यमिक विद्यालय टोखा ८, काठमाडौँ #Class9Nepali #Dinesh_Kandel_KC विशिष्टीकरण तालिक...","",""
"3:06",https://www.youtube.com/watch?v=kZf_Qr5RUaE,"नेपाली नमुना प्रश्नपत्र सेट ३ कक्षा : ८ प्रस्तोता : दिनेश के. सी. जालुपा माध्यमिक विद्यालय टोखा ८, काठमाडौँ #Class8Nepali #Dinesh_Kandel_KC विशिष्टीकरण तालिक...","",""
"4:23",https://www.youtube.com/watch?v=NEa3m-3BQc4,"नेपाली नमुना प्रश्नपत्र सेट ३ कक्षा : ६ प्रस्तोता : दिनेश के. सी. जालुपा माध्यमिक विद्यालय टोखा ८, काठमाडौँ #Class6Nepali #Dinesh_Kandel_KC विशिष्टीकरण तालिक...","",""
"4:21",https://www.youtube.com/watch?v=U_Oys7hJdxk,"नेपाली नमुना प्रश्नपत्र सेट ३ कक्षा : ७ प्रस्तोता : दिनेश के. सी. जालुपा माध्यमिक विद्यालय टोखा ८, काठमाडौँ #Class7Nepali #Dinesh_Kandel_KC  विशिष्टीकरण तालि...","",""
"6:54",https://www.youtube.com/watch?v=_BtdSe_DCvo,"कक्षा १२ को सिकाइ सामग्री विषय : नेपाली  प्रस्तोता : दिनेश के. सी. जालुपा माध्यमिक विद्यालय टोखा ८, काठमाडौँ #SamjhautaPatra #सम्झौतापत्र #करारनामा #DineshKa...","",""
"12:17",https://www.youtube.com/watch?v=L1ZJm87yqVI,"कक्षा ११ र १२ को सिकाइ सामग्री विषय : नेपाली  प्रस्तोता : दिनेश के. सी. जालुपा माध्यमिक विद्यालय टोखा ८, काठमाडौँ #ReportWriting  #प्रतिवेदनलेखन   #Dinesh_Ka...","",""
"3:01",https://www.youtube.com/watch?v=1SpLLq6qJvQ,"उपसर्ग र प्रत्ययको अनुच्छेद अभ्यास  विषय : नेपाली प्रस्तोता : दिनेश के. सी.जालुपा माध्यमिक विद्यालय टोखा ८, काठमाडौँ #UPASARGA #PRATYAYA #उपसर्ग_प्रत्यय #din...","",""
"5:02",https://www.youtube.com/watch?v=zASV7bucm7I,"कक्षा १२, अनिवार्य नेपाली २०८२  Nepali Grade 12  NEB Preparation Exam  प्रस्तोता : दिनेश के. सी. जालुपा माध्यमिक विद्यालय  टोखा ८, काठमाडौँ  #Class12Nepali  ...","",""
"4:35",https://www.youtube.com/watch?v=L8o6oV6LP4M,"खेल्दै पढौँ खेल्दै सिकौँ नेपाली सिकाइ सामग्री २०८२ कक्षा : ९, १०, ११ र १२ विषय : नेपाली प्रस्तोता : दिनेश के. सी. जालुपा माध्यमिक विद्यालय टोखा ८, काठमाडौँ  ...","",""
"2:53",https://www.youtube.com/watch?v=4SaBrdBy6M4,"विषय : नेपाली प्रस्तोता : दिनेश के. सी.जालुपा माध्यमिक विद्यालय टोखा ८, काठमाडौँ #SAMAS #DITWA #समास_द्वित्व #dinesh_kandel_kc यस युट्युब च्यानललाई लाइक तथा ...","",""
"3:03",https://www.youtube.com/watch?v=e9ly6Q9tHyQ,"उपसर्ग र प्रत्ययको अनुच्छेद अभ्यास  विषय : नेपाली प्रस्तोता : दिनेश के. सी.जालुपा माध्यमिक विद्यालय टोखा ८, काठमाडौँ #UPASARGA #PRATYAYA #उपसर्ग_प्रत्यय #din...","",""
"5:11",https://www.youtube.com/watch?v=xr59nr6MEHY,"खेल्दै पढौँ खेल्दै सिकौँ नेपाली सिकाइ सामग्री २०८२ कक्षा : ९, १०, ११ र १२ विषय : नेपाली प्रस्तोता : दिनेश के. सी. जालुपा माध्यमिक विद्यालय टोखा ८, काठमाडौँ  ...","",""
"2:06",https://www.youtube.com/watch?v=ju8pEzowAac,"कक्षा १२ को परीक्षा सामग्री NEB EXAM NEPALI  PREPARATION कक्षा : १२ विषय : नेपाली प्रस्तोता : दिनेश के. सी. जालुपा माध्यमिक विद्यालय टोखा ८, काठमाडौँ #वाक्यप...","",""
"3:41",https://www.youtube.com/watch?v=g88ZTPnH_YM,"विषय : नेपाली प्रस्तोता : दिनेश के. सी.जालुपा माध्यमिक विद्यालय  टोखा ८, काठमाडौँ #SEE_Nepali  #प्रत्यक्ष_अप्रत्यक्ष_कथन #Speech #dinesh_kandel_kc  यस युट्यु...","",""
"1:51",https://www.youtube.com/watch?v=aTwzrEbqD5s,"एसइई तयारी सामग्री विषय : नेपाली प्रस्तोता : दिनेश के. सी.जालुपा माध्यमिक विद्यालय  टोखा ८, काठमाडौँ #SEE_Nepali #कारकविभक्ति #dinesh_kandel_kc यस युट्युब च्...","",""
"5:36",https://www.youtube.com/watch?v=uvw4vfuyp_8,"खेल्दै पढौँ खेल्दै सिकौँ नेपाली सिकाइ सामग्री २०८२ कक्षा : ९, १०, ११ र १२ विषय : नेपाली प्रस्तोता : दिनेश के. सी. जालुपा माध्यमिक विद्यालय टोखा ८, काठमाडौँ  ...","",""
"3:08",https://www.youtube.com/watch?v=k8SkiA_2WiI,"खेल्दै सिकौँनेपाली सिकाइ सामग्री २०८२  कक्षा : ९, १०, ११ र १२ विषय : नेपाली प्रस्तोता : दिनेश के. सी. जालुपा माध्यमिक विद्यालय टोखा ८, काठमाडौँ #प्रत्यय  #Pr...","",""
"1:53",https://www.youtube.com/watch?v=EzL2GJcFqcI,"कक्षा १२ को सिकाइ सामग्री २०८२  कक्षा : १२ विषय : नेपाली प्रस्तोता : दिनेश के. सी. जालुपा माध्यमिक विद्यालय टोखा ८, काठमाडौँ #AKSHARSAMRACHANA #अक्षरसंरचना  ...","",""
"4:31",https://www.youtube.com/watch?v=_WP03S9yAfA,"खेल्दै सिकौँनेपाली सिकाइ सामग्री २०८२  कक्षा : ९, १०, ११ र १२ विषय : नेपाली प्रस्तोता : दिनेश के. सी. जालुपा माध्यमिक विद्यालय टोखा ८, काठमाडौँ #नेपालीखेल #N...","",""
"2:19",https://www.youtube.com/watch?v=e0vIKblfzWY,"शब्दको स्रोत कक्षा १२ को सिकाइ सामग्री कक्षा : ११ र १२ विषय : नेपाली प्रस्तोता : दिनेश के. सी. जालुपा माध्यमिक विद्यालय टोखा ८, काठमाडौँ #शब्दकोस्रोत # Shabd...","",""
"4:22",https://www.youtube.com/watch?v=91s9zPzrwdI,"AKSHAR SAMRCHANA  AKSHAR SANKHYA 12 NEPALI अक्षर संरचनाको सूत्र कक्षा १२ को सिकाइ सामग्री २०८२  कक्षा : १२ विषय : नेपाली प्रस्तोता : दिनेश के. सी. जालुपा माध...","",""
"5:49",https://www.youtube.com/watch?v=BZr6uSQE64s,"AKSHAR SAMRCHANA AKSHAR SANKHYA 12 NEPALI अक्षर संरचनाको सूत्र कक्षा १२ को सिकाइ सामग्री २०८२  कक्षा : १२ विषय : नेपाली प्रस्तोता : दिनेश के. सी. जालुपा माध्...","",""
"4:50",https://www.youtube.com/watch?v=KpjgifnQAj4,"विषय : नेपाली  कक्षा : ९ प्रस्तोता : दिनेश के. सी. जालुपा माध्यमिक विद्यालय टोखा ८, काठमाडौँ  #Class9Nepali #Dinesh_Kandel_KC_Channel विशिष्टीकरण तालिकाअनुसा...","",""
"4:01",https://www.youtube.com/watch?v=H4mSH2--0AY,"कक्षा १२, अनिवार्य नेपाली २०८२  Nepali Grade 12  NEB 2082 Exam Paper  प्रस्तोता : दिनेश के. सी. जालुपा माध्यमिक विद्यालय  टोखा ८, काठमाडौँ  #12Nepali_NEB2082...","",""
"3:23",https://www.youtube.com/watch?v=FIACpcP6_JE,"कर्तृवाच्य, कर्मवाच्य र भाववाच्य नेपाली व्याकरण सिकाइ विषय : नेपाली  प्रस्तोता : दिनेश के. सी. जालुपा माध्यमिक विद्यालय  टोखा ८, काठमाडौँ  #Bachya #Voice   #...","",""
"11:11",https://www.youtube.com/watch?v=hYXOoZWDgwI,"भाषण ६१ औँ राष्ट्रिय बालदिवस २०८२ वक्तृत्वकलाको नमुना  नेपाली भाषा सिकाइ सामग्री  विषय : नेपाली  प्रस्तोता : दिनेश कँडेल के. सी. जालुपा माध्यमिक विद्यालय  टो...","",""
"4:56",https://www.youtube.com/watch?v=4KiLiXiZwqU,"नेपाली नमुना प्रश्नपत्र सेट ३ Nepali Model Question Set कक्षा : ९ प्रस्तोता : दिनेश के. सी. जालुपा माध्यमिक विद्यालय टोखा ८, काठमाडौँ  #Class9Nepali #Dinesh_...","",""
"3:08",https://www.youtube.com/watch?v=FEPVliDYgzw,"नेपाली नमुना प्रश्नपत्र सेट २ 8, Nepali Question Set 2 कक्षा : ८  प्रस्तोता : दिनेश के. सी. जालुपा माध्यमिक विद्यालय  टोखा ८, काठमाडौँ  #Class8Nepali #Dinesh...","",""
"3:25",https://www.youtube.com/watch?v=j2kvacVjuMo,"नेपाली नमुना प्रश्नपत्र सेट २ Nepali Model Question Set कक्षा : ६ प्रस्तोता : दिनेश के. सी. जालुपा माध्यमिक विद्यालय टोखा ८, काठमाडौँ #Class6Nepali #Dinesh_K...","",""
"4:03",https://www.youtube.com/watch?v=_PS0kBWHl0M,"नेपाली नमुना प्रश्नपत्र सेट २ Nepali Model Question Set कक्षा : ७ प्रस्तोता : दिनेश के. सी. जालुपा माध्यमिक विद्यालय टोखा ८, काठमाडौँ #Class7Nepali #Dinesh_K...","",""
"2:53",https://www.youtube.com/watch?v=Nrq9rCbGpUk,"नेपाली नमुना प्रश्नपत्र सेट २ Nepali Model Question Setकक्षा : ५ प्रस्तोता : दिनेश के. सी. जालुपा माध्यमिक विद्यालय टोखा ८, काठमाडौँ #Class5Nepali #Dinesh_Ka...","",""
"3:56",https://www.youtube.com/watch?v=mh9nk2yfpZ0,"नेपाली नमुना प्रश्नपत्र सेट २ Nepali Model Question Setकक्षा : ४  प्रस्तोता : दिनेश के. सी. जालुपा माध्यमिक विद्यालय टोखा ८, काठमाडौँ #Class4Nepali #Dinesh_K...","",""
"6:42",https://www.youtube.com/watch?v=Fp-OWKtaLd0,"कालको उदाहरण र अभ्यास सामग्री  विषय : नेपाली  प्रस्तोता : दिनेश के. सी. जालुपा माध्यमिक विद्यालय  टोखा ८, काठमाडौँ  #काल #Tense_Nepali   #dinesh_kandel_kc यस...","",""
"4:41",https://www.youtube.com/watch?v=iXNRHB_OW-w,"कक्षा १२ को सिकाइ सामग्री विषय : नेपाली  पाठ : ९ प्रस्तोता : दिनेश के. सी. जालुपा माध्यमिक विद्यालय टोखा ८, काठमाडौँ #Gorkhe_Katha #गोर्खेकथा    #Dinesh_Kand...","",""
"3:21",https://www.youtube.com/watch?v=-sKqkOfeEEk,"विषय : नेपाली  कक्षा : १० पाठ : १३ लेखक : भैरवप्रसाद अर्याल  सिकाइ सन्दर्भ सामग्री कक्षा १०  प्रस्तोता : दिनेश के.सी. जालुपा माध्यमिक विद्यालय टोखा ८, काठमाड...","",""
"4:24",https://www.youtube.com/watch?v=4PvvhL7BYZk,"गाउँको माया कथा कथाकार : इस्माली कक्षा ११ को सिकाइ सामग्री २०८२  कक्षा : ११ विषय : नेपाली पाठ : २ प्रस्तोता : दिनेश के. सी. जालुपा माध्यमिक विद्यालय टोखा ८, ...","",""
"6:13",https://www.youtube.com/watch?v=dBv6zReEdZg,"भावको प्रकारअनुसारको अभ्यास विषय : नेपाली  प्रस्तोता : दिनेश के. सी. जालुपा माध्यमिक विद्यालय  टोखा ८, काठमाडौँ  #BHAB #भाव  #dinesh_kandel_kc यस युट्युब च्य...","",""
"7:43",https://www.youtube.com/watch?v=Vqe3gva8FUk,"सरल तरिकाबाट व्यञ्जन वर्ण पहिचान पाठ : १ व्याकरण कक्षा ११ को सिकाइ सामग्री २०८० विषय : नेपाली  प्रस्तोता : दिनेश के. सी. जालुपा माध्यमिक विद्यालय टोखा ८, काठ...","",""
"3:50",https://www.youtube.com/watch?v=b3k0y64hoZU,"शब्दवर्गको सेट ३ माध्यमिक तहको नेपाली २०८२ विषय : नेपाली  प्रस्तोता : दिनेश के. सी. जालुपा माध्यमिक विद्यालय  टोखा ८, काठमाडौँ  #SEE_Nepali #शब्दवर्ग #dinesh...","",""
"5:06",https://www.youtube.com/watch?v=oAIvOqtzkFU,"वीर पुर्खा कविताको मूल भाव कवि : वासुदेव त्रिपाठी कक्षा ११ को सिकाइ सामग्री २०८२   कक्षा : ११ विषय : नेपाली पाठ : १ प्रस्तोता : दिनेश के. सी. जालुपा माध्यमिक...","",""
"6:33",https://www.youtube.com/watch?v=_pKoOPJjKRM,"पाठ ५ को पृष्ठ ६२ प्रश्न नं ७ र ८ को उत्तर  उपन्यासकार : हृदयचन्द्रसिंह प्रधान  (वि.सं.१९७२ - २०१६) कक्षा १२ को सिकाइ सामग्री २०८१ कक्षा : १२ विषय : नेपाली प...","",""
"4:51",https://www.youtube.com/watch?v=fm91nc69lqU,"व्यावहारिक लेखन विषय : नेपाली कक्षा : १२ प्रस्तोता : दिनेश के. सी. जालुपा माध्यमिक विद्यालय  टोखा ८, काठमाडौँ  #Tamasuk #Dinesh_Kandel_KC_Channel विशिष्टीकरण...","",""
"2:04",https://www.youtube.com/watch?v=oME3Tvwjf1c,"कक्षा १० नेपाली विषयको पृष्ठ ११३ को परियोजना कार्य १ को नमुना उत्तर रचनाकार : दिनेश के. सी.  गायिका : नवीना परियार  सङगीत : सञ्जीव लामा जालुपा मा. वि. परिवार...","",""
"3:46",https://www.youtube.com/watch?v=G4J2UlTsnRw,"नेपाली नमुना प्रश्नपत्र कक्षा : ५ प्रस्तोता : दिनेश के. सी. जालुपा माध्यमिक विद्यालय टोखा ८, काठमाडौँ #Class5Nepali #Dinesh_Kandel_KC_Channel विशिष्टीकरण ताल...","",""
"4:02",https://www.youtube.com/watch?v=sECC41Uis8Y,"विषय : नेपाली कक्षा : ४प्रस्तोता : दिनेश के. सी. जालुपा माध्यमिक विद्यालय टोखा ८, काठमाडौँ #Class4Nepali #Dinesh_Kandel_KC_Channel विशिष्टीकरण तालिकाअनुसार त...","",""
"4:22",https://www.youtube.com/watch?v=5PgwDuJUdSI,"विषय : नेपाली  कक्षा : ९प्रस्तोता : दिनेश के. सी. जालुपा माध्यमिक विद्यालय टोखा ८, काठमाडौँ #Class9Nepali #Dinesh_Kandel_KC_Channel विशिष्टीकरण तालिकाअनुसार ...","",""
"7:21",https://www.youtube.com/watch?v=wo2I3vix9PY,"प्रथम त्रैमासिक परीक्षाको नमुना उत्तर विषय : नेपाली  कक्षा : १० प्रस्तोता : दिनेश के. सी. जालुपा माध्यमिक विद्यालय टोखा ८, काठमाडौँ #Class10Nepali #Dinesh_Ka...","",""
"4:11",https://www.youtube.com/watch?v=pHXBLriz3sg,"विषय : नेपाली कक्षा : ६ प्रस्तोता : दिनेश के. सी. जालुपा माध्यमिक विद्यालय टोखा ८, काठमाडौँ #Class6Nepali #Dinesh_Kandel_KC_Channel विशिष्टीकरण तालिकाअनुसार ...","",""
"4:11",https://www.youtube.com/watch?v=JSBdv48eM0k,"विषय : नेपाली  कक्षा : ७  प्रस्तोता : दिनेश के. सी. जालुपा माध्यमिक विद्यालय टोखा ८, काठमाडौँ #Class7Nepali #Dinesh_Kandel_KC_Channel विशिष्टीकरण तालिकाअनुसा...","",""
"4:01",https://www.youtube.com/watch?v=ceqhAKjRTFU,"विषय : नेपाली  कक्षा : ८  प्रस्तोता : दिनेश के. सी. जालुपा माध्यमिक विद्यालय टोखा ८, काठमाडौँ #Class8Nepali #Dinesh_Kandel_KC_Channel विशिष्टीकरण तालिकाअनुसा...","",""
"6:21",https://www.youtube.com/watch?v=-5dMGiA7Q9g,"विषय : नेपाली  कक्षा : १० प्रस्तोता : दिनेश के. सी. जालुपा माध्यमिक विद्यालय टोखा ८, काठमाडौँ #Class10Nepali #Dinesh_Kandel_KC_Channel विशिष्टीकरण तालिकाअनुस...","",""
"5:41",https://www.youtube.com/watch?v=n75xA2ee8_M,"विषय : नेपाली  कक्षा : ९ प्रस्तोता : दिनेश के. सी. जालुपा माध्यमिक विद्यालय टोखा ८, काठमाडौँ #Class_9_ Nepali #Dinesh_Kandel_KC_Channel विशिष्टीकरण तालिकाअनु...","",""
"5:51",https://www.youtube.com/watch?v=5x6TZH5apYo,"विषय : नेपाली  कक्षा : ९ कक्षा : १० कक्षा : ११ कक्षा : १२ प्रस्तोता : दिनेश के. सी. जालुपा माध्यमिक विद्यालय  टोखा ८, काठमाडौँ  #निबन्ध # मेरो देशप्रति मेरो ...","",""
"3:31",https://www.youtube.com/watch?v=G-ZPRRFSFW8,"विषय : नेपाली कक्षा : १०  पाठ : ३ 'चिकित्सा विज्ञान र आयुर्वेद चिकित्सा' निबन्धको सूत्र  प्रस्तोता : दिनेश के.सी. जालुपा माध्यमिक विद्यालय टोखा ८, काठमाडौँ न...","",""
"6:01",https://www.youtube.com/watch?v=2wgSfr11lgw,"विषय : नेपाली प्रस्तोता : दिनेश के. सी.जालुपा माध्यमिक विद्यालय  टोखा ८, काठमाडौँ #SEE_Nepali  #प्रत्यक्ष_अप्रत्यक्ष_कथन #Speech #dinesh_kandel_kc  यस युट्यु...","",""
"5:31",https://www.youtube.com/watch?v=KyBUGBL9zOI,"विशिष्टीकरण तालिकाअनुसारको नमुना प्रश्नपत्र २०८१ विषय : नेपाली कक्षा : ४ सेट ४ प्रस्तोता : दिनेश के. सी. जालुपा माध्यमिक विद्यालय टोखा ८, काठमाडौँ #Grade4_Ne...","",""
"4:31",https://www.youtube.com/watch?v=4ARi_iaD4cU,"नमुना प्रश्नपत्र २०८१ सेट ५ विषय : नेपाली कक्षा : ५  प्रस्तोता : दिनेश के. सी.  जालुपा माध्यमिक विद्यालय  टोखा ८, काठमाडौँ  #Grade5_Nepali  #Dinesh_Kandel_KC...","",""
"5:21",https://www.youtube.com/watch?v=QTlgYKSfAaA,"विशिष्टीकरण तालिकाअनुसारको नमुना प्रश्नपत्र २०८१ विषय : नेपाली कक्षा : ४ सेट ३ प्रस्तोता : दिनेश के. सी. जालुपा माध्यमिक विद्यालय टोखा ८, काठमाडौँ #Grade4_Ne...","",""
"4:31",https://www.youtube.com/watch?v=1yOwyxX0c2U,"नमुना प्रश्नपत्र २०८१ सेट ४ विषय : नेपाली कक्षा : ५  प्रस्तोता : दिनेश के. सी. जालुपा माध्यमिक विद्यालय टोखा ८, काठमाडौँ #Grade5_Nepali #Dinesh_Kandel_KC विश...","",""
"6:59",https://www.youtube.com/watch?v=RFRFdsi4QOg,"विशिष्टीकरण तालिकाअनुसारको नमुना प्रश्नपत्र २०८१ विषय : नेपाली कक्षा : ४ प्रस्तोता : दिनेश के. सी. जालुपा माध्यमिक विद्यालय टोखा ८, काठमाडौँ #Grade4_Nepali #...","",""
"5:11",https://www.youtube.com/watch?v=0QKK6hlMxKs,"कक्षा ९, १०, ११ र १२ परीक्षा सामग्री २०८१ विषय : नेपाली प्रस्तोता : दिनेश के. सी. जालुपा माध्यमिक विद्यालय  टोखा ८, काठमाडौँ #SEE_Nepali #समासविग्रह_द्वित्व ...","",""
"7:01",https://www.youtube.com/watch?v=WNBrWRcb3LY,"एसइई तयारी सामग्री २०८१ विषय : नेपाली प्रस्तोता : दिनेश के. सी. जालुपा माध्यमिक विद्यालय  टोखा ८, काठमाडौँ #SEE_Nepali #शब्दको_पहिचान #dineshkandelkc यस युट्...","",""
"5:11",https://www.youtube.com/watch?v=gQBciXPzOJM,"एसइई तथा कक्षा १२ नेपाली २०८१  विषय : नेपाली  प्रस्तोता : दिनेश के. सी. जालुपा माध्यमिक विद्यालय  टोखा ८, काठमाडौँ  #SEE_Nepali #शब्दवर्ग #dinesh_kandel_kc य...","",""
"7:11",https://www.youtube.com/watch?v=96mn0bjwPHQ,"नेपालीमा समाचार लेखन  Samachar Lekhne Tarika कक्षा ९ र १०, नेपाली  नेपाली भाषा सिकाइ सामग्री २०८० विषय : नेपाली  प्रस्तोता : दिनेश के. सी. जालुपा माध्यमिक वि...","",""
"15:07",https://www.youtube.com/watch?v=pPFkB3ANupU,"हरेक पाठको सार  कक्षा १०, नेपाली नेपाली भाषा सिकाइ सामग्री २०८१ विषय : नेपाली  प्रस्तोता : दिनेश के. सी. जालुपा माध्यमिक विद्यालय  टोखा ८, काठमाडौँ  #SEE_Nep...","",""
"13:51",https://www.youtube.com/watch?v=QEMIvI80DQo,"हरेक पाठको सार  कक्षा १०, नेपाली नेपाली भाषा सिकाइ सामग्री २०८१ विषय : नेपाली  प्रस्तोता : दिनेश के. सी. जालुपा माध्यमिक विद्यालय  टोखा ८, काठमाडौँ  #SEE_Nep...","",""
"5:41",https://www.youtube.com/watch?v=uHI-6DnVKmk,"एसइई तयारी सामग्री २०८१ विषय : नेपाली प्रस्तोता : दिनेश के. सी.जालुपा माध्यमिक विद्यालय  टोखा ८, काठमाडौँ #SEE_Nepali #PRERANARTHAK  #dinesh_kandel_kc  यस यु...","",""
"4:01",https://www.youtube.com/watch?v=tlu1pCFuAfE,"एसइई तयारी सामग्री विषय : नेपाली प्रस्तोता : दिनेश के. सी.जालुपा माध्यमिक विद्यालय  टोखा ८, काठमाडौँ #SEE_Nepali  #कारकविभक्ति #dinesh_kandel_kc यस युट्युब च...","",""
"6:21",https://www.youtube.com/watch?v=lTJRuYcYzNU,"एसइई तयारी सामग्री २०८१ विषय : नेपाली प्रस्तोता : दिनेश के. सी.जालुपा माध्यमिक विद्यालय  टोखा ८, काठमाडौँ #SEE_Nepali  #प्रत्यक्ष_अप्रत्यक्ष_कथन  #dinesh_kan...","",""
"9:24",https://www.youtube.com/watch?v=ikf8taRTB1A,"लेखन : दिनेश के. सी.  जालुपा माध्यमिक विद्यालय  टोखा ८, काठमाडौँ  #बालदिवस  #भाषण  #dinesh_kandel_kc यस युट्युब च्यानललाई लाइक तथा सब्स्क्राइब गर्न हार्दिक अ...","",""
"4:21",https://www.youtube.com/watch?v=X5za1afWBxc,"एसइई नेपाली तयारी सामग्री २०८१ विषय : नेपाली प्रस्तोता : दिनेश के. सी.जालुपा माध्यमिक विद्यालय टोखा ८, काठमाडौँ #SEE_Nepali #उपसर्ग_प्रत्यय #dinesh_kandel_kc...","",""
"2:16",https://www.youtube.com/watch?v=0poB1twq2VQ,"लेखन : दिनेश के. सी.  गायन : सम्राट भट्टराई जालुपा माध्यमिक विद्यालय  टोखा ८, काठमाडौँ  #बालदिवस  #dinesh_kandel_kc यस युट्युब च्यानललाई लाइक तथा सब्स्क्राइब...","",""
"8:18",https://www.youtube.com/watch?v=yVg7gHnvTpQ,"कथाकार : भवानी भिक्षु कक्षा ११ को सिकाइ सामग्री २०८०  कक्षा : ११ विषय : नेपाली पाठ : ६ प्रस्तोता : दिनेश के. सी. जालुपा माध्यमिक विद्यालय टोखा ८, काठमाडौँ  #...","",""
"4:31",https://www.youtube.com/watch?v=L57R_wDE0cc,"शब्दवर्गको एसइई प्रश्नपत्र २०८० समेत एसइई नेपाली २०८१  विषय : नेपाली  प्रस्तोता : दिनेश के. सी. जालुपा माध्यमिक विद्यालय  टोखा ८, काठमाडौँ  #SEE_Nepali #शब्द...","",""
"4:01",https://www.youtube.com/watch?v=htbusISXJxc,"एसइई नेपाली तयारी सामग्री २०८१  विषय : नेपाली  प्रस्तोता : दिनेश के. सी. जालुपा माध्यमिक विद्यालय  टोखा ८, काठमाडौँ  #SEE_Nepali #उपसर्ग_प्रत्यय  #dinesh_kan...","",""
"3:35",https://www.youtube.com/watch?v=SAkTyb7Gy0g,"कक्षा १२, पाठ ११ निबन्ध विषय : नेपाली कक्षा १२ को सिकाइ सामग्री २०८१ प्रस्तोता : दिनेश के. सी. जालुपा माध्यमिक विद्यालय टोखा ८, काठमाडौँ #Sahakari  #सहकारी #...","",""
"5:25",https://www.youtube.com/watch?v=e0wz2e9Z2q0,"Sanduk Ruit कक्षा : १० विषय : नेपाली पाठ : १७  कक्षा १० को सिकाइ सामग्री २०८१ प्रस्तोता : दिनेश के. सी. जालुपा माध्यमिक विद्यालय टोखा ८, काठमाडौँ #सन्दुक_रुइ...","",""
"5:03",https://www.youtube.com/watch?v=65W4r_BFYlA,"कक्षा : १२ विषय : नेपाली पाठ : ८  कक्षा १२ को सिकाइ सामग्री २०८१ प्रस्तोता : दिनेश के. सी. जालुपा माध्यमिक विद्यालय टोखा ८, काठमाडौँ #Matritwa_Katha #मातृत्व...","",""
"4:38",https://www.youtube.com/watch?v=9sxgMo8cIGM,"Hamilai Bolaunchhan Himchuli Kabita कक्षा : १२ विषय : नेपाली पाठ : ७ कक्षा १२ को सिकाइ सामग्री २०८१ प्रस्तोता : दिनेश के. सी. जालुपा माध्यमिक विद्यालय टोखा ८...","",""
"8:31",https://www.youtube.com/watch?v=nO_tteiFzEc,"कक्षा : १०  विषय : नेपाली नेपाली नमुना उत्तर २०८१ प्रस्तोता : दिनेश के. सी. जालुपा माध्यमिक विद्यालय टोखा ८, काठमाडौँ #SEENepali #dinesh_kandel_kc यस युट्युब...","",""
"8:31",https://www.youtube.com/watch?v=MmpcaihwxOs,"९ नेपाली नमुना उत्तर २०८१ कक्षा : ९ विषय : नेपाली प्रस्तोता : दिनेश के. सी. जालुपा माध्यमिक विद्यालय टोखा ८, काठमाडौँ #9_Nepali #dinesh_kandel_kc यस युट्युब ...","",""
"4:35",https://www.youtube.com/watch?v=qDVgCE9BOBM,"कक्षा १२ को सिकाइ सामग्री २०८१ कक्षा : १२ विषय : नेपाली पाठ : ६ प्रस्तोता : दिनेश के. सी. जालुपा माध्यमिक विद्यालय टोखा ८, काठमाडौँ #हकिङ  #Stephen_Hawking #...","",""
"9:00",https://www.youtube.com/watch?v=lOZ8SU4eE2o,"उपन्यासकार : हृदयचन्द्रसिंह प्रधान  (वि.सं.१९७२ - २०१६) कक्षा १२ को सिकाइ सामग्री २०८१ कक्षा : १२ विषय : नेपाली पाठ : ५  प्रस्तोता : दिनेश के. सी. जालुपा माध...","",""
"5:45",https://www.youtube.com/watch?v=zUYQpz9Q8Mg,"'घनघस्याको उकालो काट्ता' नियात्राको छोटो समीक्षा नियात्राकार : तारानाथ शर्माकक्षा १२ को सिकाइ सामग्री २०८१ कक्षा : १२ विषय : नेपाली पाठ : ३ प्रस्तोता : दिनेश...","",""
"5:50",https://www.youtube.com/watch?v=NxIElkR1MJE,"विरहिणी दमयन्ती  कथाको कथावस्तुगत समीक्षा कथाकार : मदनमणि दिक्षित कक्षा १२ को सिकाइ सामग्री २०८१ कक्षा : १२ विषय : नेपाली पाठ : २ प्रस्तोता : दिनेश के. सी. ज...","",""
"8:11",https://www.youtube.com/watch?v=jufruHLVOWg,"कक्षा ९ को प्रथम त्रैमासिक परीक्षा २०८१ सेट २ विषय : नेपाली कक्षा : ९ प्रस्तोता : दिनेश के. सी. जालुपा माध्यमिक विद्यालय टोखा ८, काठमाडौँ #Class_9_ Nepali #D...","",""
"6:51",https://www.youtube.com/watch?v=GI7VM-lJ8iM,"प्रथम त्रैमासिक परीक्षा नमुना प्रश्नपत्र २०८१ विषय : नेपाली कक्षा : ५  प्रस्तोता : दिनेश के. सी. जालुपा माध्यमिक विद्यालय टोखा ८, काठमाडौँ #Grade5_Nepali #Di...","",""
"6:34",https://www.youtube.com/watch?v=opybNfhsV6A,"प्रथम त्रैमासिक परीक्षा नमुना प्रश्नपत्र २०८१विषय : नेपाली कक्षा : ४  प्रस्तोता : दिनेश के. सी. जालुपा माध्यमिक विद्यालय टोखा ८, काठमाडौँ #Grade4_Nepali #Din...","",""
"6:05",https://www.youtube.com/watch?v=AxRdRTu2cgY,"कवि :  गोपालप्रसाद रिमाल कक्षा १२ को सिकाइ सामग्री २०८१ कक्षा : १२ विषय : नेपाली पाठ : १ प्रस्तोता : दिनेश के. सी. जालुपा माध्यमिक विद्यालय टोखा ८, काठमाडौँ ...","",""
"8:11",https://www.youtube.com/watch?v=Upq19mVS29o,"कक्षा १० को एसइई परीक्षा तयारी  सामग्री २०८१ विषय : नेपाली कक्षा : १० प्रस्तोता : दिनेश के. सी. जालुपा माध्यमिक विद्यालय टोखा ८, काठमाडौँ  #SEE_Nepali_Model_...","",""
"8:41",https://www.youtube.com/watch?v=88Qsfvkvls0,"कक्षा ९ को प्रथम त्रैमासिक परीक्षा २०८१ विषय : नेपाली कक्षा : ९ प्रस्तोता : दिनेश के. सी.  जालुपा माध्यमिक विद्यालय  टोखा ८, काठमाडौँ  #Class_9_ Nepali #Dine...","",""
"6:25",https://www.youtube.com/watch?v=6PX3WEgZAmM,"कक्षा : १० विषय : नेपाली पाठ : ८ सिकाइ सन्दर्भ सामग्री कक्षा १०  प्रस्तोता : दिनेश के.सी. जालुपा माध्यमिक विद्यालय टोखा ८, काठमाडौँ नेपाली भाषा सिकाइ च्यानल ...","",""
"9:40",https://www.youtube.com/watch?v=ZOTRhv7TCFg,"जीवनी, निबन्ध र रूपक पाठका बुँदाहरू  कक्षा १०, नेपालीनेपाली भाषा सिकाइ सामग्री २०८० विषय : नेपाली  प्रस्तोता : दिनेश के. सी. जालुपा माध्यमिक विद्यालय  टोखा ८...","",""
"6:25",https://www.youtube.com/watch?v=nU5VZEo5B2s,"नेपाली भाषा सिकाइ सामग्री २०८० विषय : नेपाली  प्रस्तोता : दिनेश के. सी. जालुपा माध्यमिक विद्यालय  टोखा ८, काठमाडौँ  #SEE_Nepali #dinesh_kandel_kc  यस युट्युब...","",""
"8:21",https://www.youtube.com/watch?v=76zFYcOKygw,"Bigyapan Lekhanनेपाली भाषा सिकाइ सामग्री २०८० विषय : नेपाली  प्रस्तोता : दिनेश के. सी. जालुपा माध्यमिक विद्यालय  टोखा ८, काठमाडौँ  #Bigyapan_Lekhan #dinesh_k...","",""
"5:40",https://www.youtube.com/watch?v=TfZ0tjW_lXY,"परीक्षाका लागि तयारी सामग्री २०८० विषय : नेपाली कक्षा : ४  प्रस्तोता : दिनेश के. सी. जालुपा माध्यमिक विद्यालय टोखा ८, काठमाडौँ #Grade4_Nepali #Dinesh_Kandel_...","",""
"3:05",https://www.youtube.com/watch?v=tGiAHcUk2yE,"से गुम्बाको सुन्दरता नियात्राकार : युवराज नयाँघरे विषय : नेपाली कक्षा : ८ पाठ : १५ सिकाइ सन्दर्भ सामग्री कक्षा ८ प्रस्तोता : दिनेश के.सी. जालुपा माध्यमिक विद...","",""
"8:21",https://www.youtube.com/watch?v=ReZICMg1nLQ,"विषय : नेपाली कक्षा : ९ प्रस्तोता : दिनेश के. सी. जालुपा माध्यमिक विद्यालय  टोखा ८, काठमाडौँ #9Nepali#dinesh_kandel_kc  पाठ्यक्रम विकास केन्द्रबाट कक्षा ९ र ...","",""
"3:11",https://www.youtube.com/watch?v=SIDuymvWmbQ,"विषय : नेपाली  कक्षा : १०  पाठ : ५ सिकाइ सन्दर्भ सामग्री कक्षा १० प्रस्तोता : दिनेश के.सी. जालुपा माध्यमिक विद्यालय  टोखा ८, काठमाडौँ  नेपाली भाषा सिकाइ च्या...","",""
"9:01",https://www.youtube.com/watch?v=5W9KVcuh3Zw,"विषय : नेपाली कक्षा : १० प्रस्तोता : दिनेश के. सी. जालुपा माध्यमिक विद्यालय  टोखा ८, काठमाडौँ #SEE_Nepali2080 #dinesh_kandel_kc  पाठ्यक्रम विकास केन्द्रबाट S...","",""
"3:09",https://www.youtube.com/watch?v=Fny0aPhYGn8,"प्रस्तोता : दिनेश के. सी. विषय : नेपाली कक्षा : ८ पाठ : ९ जालुपा माध्यमिक विद्यालय  टोखा ८, काठमाडौँ #Baideshik_Byapar #dinesh_kandel_kc यस युट्युब च्यानललाई...","",""
"2:57",https://www.youtube.com/watch?v=NwnK2s4K60I,"विषय : नेपाली कक्षा : ८ पाठ : ५ सिकाइ सन्दर्भ सामग्री कक्षा ८ प्रस्तोता : दिनेश के.सी. जालुपा माध्यमिक विद्यालय टोखा ८, काठमाडौँ नेपाली भाषा सिकाइ च्यानल #मा...","",""
"8:40",https://www.youtube.com/watch?v=TovEhZ79w7E,"कक्षा : ८ विषय : नेपाली बिएलई (BLE) नेपाली सेट २०८० प्रस्तोता : दिनेश के. सी.जालुपा माध्यमिक विद्यालय टोखा ८, काठमाडौँ #BLE_Nepali_Set  #dinesh_kandel_kc विश...","",""
"6:21",https://www.youtube.com/watch?v=aDVCF6SmAbM,"कक्षा : ८ विषय : नेपाली आधारभूत तह नेपाली विषयको परीक्षा सेट २०८० प्रस्तोता : दिनेश के. सी.जालुपा माध्यमिक विद्यालय टोखा ८, काठमाडौँ #BLE_Nepali_Set  #dinesh...","",""
"6:41",https://www.youtube.com/watch?v=sbobWqFdeG4,"कक्षा : ८ विषय : नेपाली आधारभूत तह नेपाली विषयको परीक्षा सेट २०८० प्रस्तोता : दिनेश के. सी. जालुपा माध्यमिक विद्यालय टोखा ८, काठमाडौँ #BLE_Nepali_Set #dinesh...","",""
"8:50",https://www.youtube.com/watch?v=V1brHeWUtcU,"कक्षा ९ नेपाली नमुना प्रश्नपत्र सेट २०८० प्रस्तोता : दिनेश के. सी. जालुपा माध्यमिक विद्यालय  टोखा ८, काठमाडौँ #Nepali_9_Set #dinesh_kandel_kc विशिष्टीकरण ताल...","",""
"4:51",https://www.youtube.com/watch?v=XKWhrSj1-xY,"एसइई नेपाली तयारी सामग्री २०८० एसइई नेपाली २०८० विषय : नेपाली  प्रस्तोता : दिनेश के. सी. जालुपा माध्यमिक विद्यालय  टोखा ८, काठमाडौँ  #Sangati #अनुच्छेद_पुनर्...","",""
"6:51",https://www.youtube.com/watch?v=jl9W37odaQM,"नेपाली भाषा सिकाइ सामग्री २०८० कक्षा ९ र १० विषय : नेपाली  प्रस्तोता : दिनेश के. सी. जालुपा माध्यमिक विद्यालय  टोखा ८, काठमाडौँ  #Bakya_Rachana  #dinesh_kand...","",""
"6:19",https://www.youtube.com/watch?v=vuXlr7wteFo,"परीक्षाका लागि तयारी सामग्री २०८० विषय : नेपाली कक्षा : ५  प्रस्तोता : दिनेश के. सी. जालुपा माध्यमिक विद्यालय टोखा ८, काठमाडौँ  #Grade5_Nepali  #Dinesh_Kande...","",""
"4:09",https://www.youtube.com/watch?v=r9eT_TwoOK4,"बधाई ज्ञापन लेख्ने सजिलो तरिका नेपाली भाषा सिकाइ सामग्री २०८० विषय : नेपाली  प्रस्तोता : दिनेश के. सी. जालुपा माध्यमिक विद्यालय  टोखा ८, काठमाडौँ  #BADHAI #d...","",""
"6:12",https://www.youtube.com/watch?v=0mGi5pveBdU,"परीक्षाका लागि तयारी सामग्री २०८० विषय : नेपाली कक्षा : ४  प्रस्तोता : दिनेश के. सी. जालुपा माध्यमिक विद्यालय टोखा ८, काठमाडौँ #Grade4_Nepali #Dinesh_Kandel_...","",""
"8:21",https://www.youtube.com/watch?v=q2_JepxFMQ8,"कक्षा ९ नेपाली  नमुना प्रश्नपत्र सेट २०८० प्रस्तोता : दिनेश के. सी. जालुपा माध्यमिक विद्यालय  टोखा ८, काठमाडौँ  #Nepali_9_Set #dinesh_kandel_kc विशिष्टीकरण त...","",""
"6:32",https://www.youtube.com/watch?v=ShW_QQouqok,"निम्तो लेख्ने सरल तरिका नेपाली भाषा सिकाइ सामग्री २०८० विषय : नेपाली  प्रस्तोता : दिनेश के. सी. जालुपा माध्यमिक विद्यालय  टोखा ८, काठमाडौँ  #NIMANTRANA  #din...","",""
"7:30",https://www.youtube.com/watch?v=eg9CBPdlQAw,"विषय : नेपाली  कक्षा : १० पाठ : १२ सिकाइ सन्दर्भ सामग्री कक्षा १०  प्रस्तोता : दिनेश के.सी. जालुपा माध्यमिक विद्यालय टोखा ८, काठमाडौँ नेपाली भाषा सिकाइ च्यान...","",""
"5:15",https://www.youtube.com/watch?v=ZtoBLY7wWvg,"कक्षा ११ को सिकाइ सामग्री २०८० कक्षा : ११ विषय : नेपाली पाठ : ९ प्रस्तोता : दिनेश के. सी. जालुपा माध्यमिक विद्यालय टोखा ८, काठमाडौँ #सफलताको_कथा #dinesh_kand...","",""
"6:31",https://www.youtube.com/watch?v=SFuSAEqm8Fk,"कक्षा १०, नेपाली | २०८० एसइई नमुना प्रश्नपत्र सेट ४ विषय : नेपाली कक्षा : १० प्रस्तोता : दिनेश के. सी. जालुपा माध्यमिक विद्यालय  टोखा ८, काठमाडौँ #SEE_Nepali...","",""
"6:25",https://www.youtube.com/watch?v=4QZLnYX3CHE,"लेखक : सुरेन्द्र नकर्मी कक्षा ११ को सिकाइ सामग्री २०८० कक्षा : ११ विषय : नेपाली पाठ : ८ प्रस्तोता : दिनेश के. सी. जालुपा माध्यमिक विद्यालय टोखा ८, काठमाडौँ #...","",""
"8:01",https://www.youtube.com/watch?v=rg8hVFR1Rvo,"कक्षा : १० पाठ : १३ लेखक : भैरव अर्याल  सिकाइ सन्दर्भ सामग्री कक्षा १०  प्रस्तोता : दिनेश के.सी. जालुपा माध्यमिक विद्यालय टोखा ८, काठमाडौँ नेपाली भाषा सिकाइ ...","",""
"5:35",https://www.youtube.com/watch?v=VuOfv6NNZ7I,"लेखक : डा. तीर्थबहादुर श्रेष्ठ कक्षा ११ को सिकाइ सामग्री २०८० कक्षा : ११ विषय : नेपाली पाठ : ७ प्रस्तोता : दिनेश के. सी. जालुपा माध्यमिक विद्यालय टोखा ८, काठ...","",""
"3:31",https://www.youtube.com/watch?v=6-_BlZII768,"लेखक : डा. तीर्थबहादुर श्रेष्ठ  कक्षा ११ को सिकाइ सामग्री २०८० कक्षा : ११ विषय : नेपाली पाठ : ७ प्रस्तोता : दिनेश के. सी. जालुपा माध्यमिक विद्यालय टोखा ८, का...","",""
"12:24",https://www.youtube.com/watch?v=XmRf_IOZm_w,"कक्षा : ९ विषय : नेपाली  नमुना परीक्षा सेट २०८० प्रस्तोता : दिनेश के. सी. जालुपा माध्यमिक विद्यालय  टोखा ८, काठमाडौँ  #9Nepali_Questions  #dinesh_kandel_kc व...","",""
"8:16",https://www.youtube.com/watch?v=fZZxe4Havpk,"कक्षा : ८ विषय : नेपाली आधारभूत तह नेपाली विषयको परीक्षा सेट २०८० प्रस्तोता : दिनेश के. सी.जालुपा माध्यमिक विद्यालय टोखा ८, काठमाडौँ #BLENepali #dinesh_kande...","",""
"5:20",https://www.youtube.com/watch?v=2jECPUKZYjQ,"कक्षा १० नेपालीको पाठ १३ को पृष्ठ १८७ को सिर्जना र परियोजना कार्य १ को नमुना उत्तर सिकाइ सन्दर्भ सामग्री कक्षा १० विषय : नेपाली  कक्षा : १० प्रस्तोता : दिनेश...","",""
"5:45",https://www.youtube.com/watch?v=ciwbYEiXOYc,"नेपाली भाषा सिकाइ सामग्री २०८० विषय : नेपाली  प्रस्तोता : दिनेश के. सी. जालुपा माध्यमिक विद्यालय  टोखा ८, काठमाडौँ  #सन्धि  #Joining  #dinesh_kandel_kc  यस य...","",""
"4:33",https://www.youtube.com/watch?v=EYLUk34ncHc,"नेपाली भाषा सिकाइ सामग्री २०८० विषय : नेपाली  प्रस्तोता : दिनेश के. सी. जालुपा माध्यमिक विद्यालय  टोखा ८, काठमाडौँ  #मेरो_देशको_शिक्षा #dinesh_kandel_kc यस य...","",""
"4:11",https://www.youtube.com/watch?v=dR2_o6nL_bk,"परीक्षाको तयारी सामग्री २०८० विषय : नेपाली कक्षा : ५ प्रस्तोता : दिनेश के. सी. जालुपा माध्यमिक विद्यालय टोखा ८, काठमाडौँ #Grade5_Nepali #Dinesh_Kandel_KC विश...","",""
"4:01",https://www.youtube.com/watch?v=RoDg6mIPFdk,"परीक्षाको तयारी सामग्री २०८० विषय : नेपाली कक्षा : ४  प्रस्तोता : दिनेश के. सी. जालुपा माध्यमिक विद्यालय टोखा ८, काठमाडौँ #Grade4_Nepali #Dinesh_Kandel_KC वि...","",""
"4:46",https://www.youtube.com/watch?v=y_sWVCjR7wM,"नेपाली भाषा सिकाइ सामग्री २०८० विषय : नेपाली  प्रस्तोता : दिनेश के. सी. जालुपा माध्यमिक विद्यालय  टोखा ८, काठमाडौँ  #Bigyapan_Lekhan #dinesh_kandel_kc यस युट...","",""
"4:26",https://www.youtube.com/watch?v=MKN1O9uF66Q,"नेपाली भाषा सिकाइ सामग्री २०८० विषय : नेपाली  प्रस्तोता : दिनेश के. सी. जालुपा माध्यमिक विद्यालय  टोखा ८, काठमाडौँ  #Sammanpatra #dinesh_kandel_kc यस युट्युब...","",""
"8:18",https://www.youtube.com/watch?v=EG5Pxcd4AKc,"कथाकार :  भवानी भिक्षु (वि.संं. १९६६-२०३८) कक्षा ११ को सिकाइ सामग्री २०८० कक्षा : ११ विषय : नेपाली पाठ : ६ प्रस्तोता : दिनेश के. सी. जालुपा माध्यमिक विद्यालय...","",""
"8:48",https://www.youtube.com/watch?v=7xynBJCdWyI,"वक्तृत्वकलाको नमुना  ५९ औँ राष्ट्रिय बालदिवस २०८० नेपाली भाषा सिकाइ सामग्री २०८०  विषय : नेपाली  प्रस्तोता : दिनेश के. सी. जालुपा माध्यमिक विद्यालय  टोखा ८, ...","",""
"4:31",https://www.youtube.com/watch?v=FLWuw0gkDyA,"सम्पादकलाई चिठी कसरी लेख्ने ?कक्षा ८, ९, १०, ११ र १२  नेपाली भाषा सिकाइ सामग्री २०८० विषय : नेपाली  प्रस्तोता : दिनेश के. सी. जालुपा माध्यमिक विद्यालय  टोखा ...","",""
"4:50",https://www.youtube.com/watch?v=ag0dJdZlQbU,"कथाकार : परशु प्रधान विषय : नेपाली कक्षा : ८ पाठ : १७सिकाइ सन्दर्भ सामग्री कक्षा ८ प्रस्तोता : दिनेश के.सी. जालुपा माध्यमिक विद्यालय टोखा ८, काठमाडौँ नेपाली ...","",""
"5:20",https://www.youtube.com/watch?v=BqTmte0RXPw,"से गुम्बाको सुन्दरता नियात्राकार : युवराज नयाँघरे विषय : नेपाली कक्षा : ८ पाठ : १५ सिकाइ सन्दर्भ सामग्री कक्षा ८ प्रस्तोता : दिनेश के.सी. जालुपा माध्यमिक विद...","",""
"6:01",https://www.youtube.com/watch?v=h3ONZWWm338,"कक्षा १० को सिकाइ सामग्री २०८० कक्षा : १० विषय : नेपाली पाठ : १६ प्रस्तोता : दिनेश के. सी. जालुपा माध्यमिक विद्यालय टोखा ८, काठमाडौँ  #Aayam #आयाम_कथा #Dines...","",""
"4:13",https://www.youtube.com/watch?v=CXzul0bNd9k,"कक्षा १० को सिकाइ सामग्री २०८० कक्षा : १० विषय : नेपाली पाठ : १६प्रस्तोता : दिनेश के. सी. जालुपा माध्यमिक विद्यालय  टोखा ८, काठमाडौँ  #aayam #आयाम_कथा  #Dine...","",""
"5:41",https://www.youtube.com/watch?v=tkNbhKU54bk,"नेपालीमा समाचार कसरी लेख्ने ? Samachar Lekhne Tarika कक्षा ९ र १०, नेपाली  नेपाली भाषा सिकाइ सामग्री २०८० विषय : नेपाली  प्रस्तोता : दिनेश के. सी. जालुपा माध...","",""
"6:26",https://www.youtube.com/watch?v=JV2TkxNUYUU,"विषय : नेपाली  कक्षा : १० पाठ : १५ लेखक : दिनेश अधिकारी सिकाइ सन्दर्भ सामग्री कक्षा १० प्रस्तोता : दिनेश के.सी. जालुपा माध्यमिक विद्यालय टोखा ८, काठमाडौँ नेप...","",""
"3:29",https://www.youtube.com/watch?v=hWEIkl4Ka68,"विषय : नेपाली कक्षा : ८ पाठ : १३सिकाइ सन्दर्भ सामग्री कक्षा ८प्रस्तोता : दिनेश के.सी. जालुपा माध्यमिक विद्यालय टोखा ८, काठमाडौँ  नेपाली भाषा सिकाइ च्यानल #Py...","",""
"6:24",https://www.youtube.com/watch?v=7VxD_XHB5BY,"विषय : नेपाली कक्षा : १० पाठ : घरको मायालेखक : भीमनिधि तिवारी सिकाइ सन्दर्भ सामग्री कक्षा १० प्रस्तोता : दिनेश के.सी. जालुपा माध्यमिक विद्यालय  टोखा ८, काठमा...","",""
"4:58",https://www.youtube.com/watch?v=0N3vuuqhe1Q,"विषय : नेपाली कक्षा : ८ पाठ : १३सिकाइ सन्दर्भ सामग्री कक्षा ८प्रस्तोता : दिनेश के.सी. जालुपा माध्यमिक विद्यालय टोखा ८, काठमाडौँ नेपाली भाषा सिकाइ च्यानल #Pya...","",""
"3:53",https://www.youtube.com/watch?v=D8sTBM4rz_M,"विषय : नेपाली कक्षा : ८ पाठ : १३सिकाइ सन्दर्भ सामग्री कक्षा ८प्रस्तोता : दिनेश के.सी. जालुपा माध्यमिक विद्यालय टोखा ८, काठमाडौँ नेपाली भाषा सिकाइ च्यानल #Pya...","",""
"4:54",https://www.youtube.com/watch?v=4t6yNQGiz08,"विषय : नेपाली  कक्षा : १० पाठ : १३ लेखक : भैरवप्रसाद अर्याल  सिकाइ सन्दर्भ सामग्री कक्षा १०  प्रस्तोता : दिनेश के.सी. जालुपा माध्यमिक विद्यालय टोखा ८, काठमाड...","",""
"7:16",https://www.youtube.com/watch?v=zCqv28iEkaY,"कक्षा ८ को सिकाइ सामग्री २०८० कक्षा : ८ विषय : नेपाली पाठ : ११ प्रस्तोता : दिनेश के. सी. जालुपा माध्यमिक विद्यालय  टोखा ८, काठमाडौँ  #Ekjor_Jutta_Katha #dine...","",""
"5:26",https://www.youtube.com/watch?v=jLn1ETR2l80,"विषय : नेपाली कक्षा : १० पाठ : १२ सिकाइ सन्दर्भ सामग्री कक्षा १०  प्रस्तोता : दिनेश के.सी. जालुपा माध्यमिक विद्यालय टोखा ८, काठमाडौँ नेपाली भाषा सिकाइ च्यानल...","",""
"4:39",https://www.youtube.com/watch?v=4I52xeeENuY,"कक्षा ८ को सिकाइ सामग्री २०८० कक्षा : ८ विषय : नेपाली पाठ : ९प्रस्तोता : दिनेश के. सी. जालुपा माध्यमिक विद्यालय  टोखा ८, काठमाडौँ  #Baidesik_Byapar #dinesh_k...","",""
"7:26",https://www.youtube.com/watch?v=tk4LFMPWRwM,"कक्षा १० को सिकाइ सामग्री २०८० कक्षा : १० विषय : नेपाली पाठ : ११ प्रस्तोता : दिनेश के. सी. जालुपा माध्यमिक विद्यालय  टोखा ८, काठमाडौँ  #Kartabya_Kathako_Sami...","",""
"3:47",https://www.youtube.com/watch?v=sDjnaO08xCg,"कक्षा १० को परीक्षा तयारी सामग्री २०८० सेट ४ विषय : नेपाली  कक्षा : १० प्रस्तोता : दिनेश के. सी. जालुपा माध्यमिक विद्यालय  टोखा ८, काठमाडौँ  #Nepali_SEE_Mode...","",""
"12:30",https://www.youtube.com/watch?v=C9Lgw_1o18k,"कक्षा १० को एसइई परीक्षा तयारी सामग्री २०८० विषय : नेपाली  कक्षा : १० प्रस्तोता : दिनेश के. सी. जालुपा माध्यमिक विद्यालय  टोखा ८, काठमाडौँ #SEE_Nepali_Model_...","",""
"11:43",https://www.youtube.com/watch?v=w9kZa3rCzpo,"कक्षा ९ को परीक्षा तयारी सामग्री २०८० सेट ३ विषय : नेपाली  कक्षा : ९ प्रस्तोता : दिनेश के. सी. जालुपा माध्यमिक विद्यालय  टोखा ८, काठमाडौँ  #Nepali_9_Model_Qu...","",""
"5:15",https://www.youtube.com/watch?v=K348W6Yi78c,"कक्षा १० पाठ ९ को  पृष्ठ १२८ (१.'ग') सिकाइ सन्दर्भ सामग्री कक्षा १० विषय : नेपाली  कक्षा : १० प्रस्तोता : दिनेश के. सी. जालुपा माध्यमिक विद्यालय  टोखा ८, काठ...","",""
"8:48",https://www.youtube.com/watch?v=YFKZJEahotU,"आधारभूत तह परीक्षा तयारी सामग्री २०८० विषय : नेपाली कक्षा : ८ प्रस्तोता : दिनेश के. सी. जालुपा माध्यमिक विद्यालय टोखा ८, काठमाडौँ #BLENepali #Dinesh_Kandel_K...","",""
"5:31",https://www.youtube.com/watch?v=XziFImJxgJU,"कक्षा १० पाठ ९ को  पृष्ठ १२८ (१. 'क') को नमुना उत्तरसिकाइ सन्दर्भ सामग्री कक्षा १० विषय : नेपाली  कक्षा : १० प्रस्तोता : दिनेश के. सी. जालुपा माध्यमिक विद्या...","",""
"8:38",https://www.youtube.com/watch?v=4Bv1FsHbD84,"आधारभूत तह परीक्षा तयारी सामग्री २०८० विषय : नेपाली कक्षा : ८ प्रस्तोता : दिनेश के. सी. जालुपा माध्यमिक विद्यालय टोखा ८, काठमाडौँ #BLENepali #Dinesh_Kandel_K...","",""
"8:09",https://www.youtube.com/watch?v=ZYi8MxRPg9I,"विशिष्टीकरण तालिका २०८० अनुसार तयार पारिएको आधारभूत तहको परीक्षा (BLE) सामग्री २०८० विषय : नेपाली  कक्षा : ८ प्रस्तोता : दिनेश के. सी. जालुपा माध्यमिक विद्या...","",""
"6:11",https://www.youtube.com/watch?v=Rj4fSG-svL0,"कक्षा १० पाठ ९ को  पृष्ठ १२८ १. 'ख' को नमुना सिकाइ सन्दर्भ सामग्री कक्षा १० विषय : नेपाली  कक्षा : १० प्रस्तोता : दिनेश के. सी. जालुपा माध्यमिक विद्यालय  टोख...","",""
"12:50",https://www.youtube.com/watch?v=0X51rwnVOGo,"कक्षा ९ को परीक्षा तयारी सामग्री सेट २ २०८० विषय : नेपाली  कक्षा : ९ प्रस्तोता : दिनेश के. सी. जालुपा माध्यमिक विद्यालय  टोखा ८, काठमाडौँ  #Nepali_9_Model_Qu...","",""
"12:10",https://www.youtube.com/watch?v=74WQ_2_LIsU,"कक्षा १० को एसइई परीक्षा तयारी सामग्री २०८० विषय : नेपाली  कक्षा : १० प्रस्तोता : दिनेश के. सी. जालुपा माध्यमिक विद्यालय  टोखा ८, काठमाडौँ #SEE_Nepali_Model_...","",""
"9:46",https://www.youtube.com/watch?v=oM4djEec3jo,"प्रथम त्रैमासिक परीक्षा तयारी सामग्री २०८०  विषय : नेपाली  कक्षा : ८ प्रस्तोता : दिनेश के. सी. जालुपा माध्यमिक विद्यालय टोखा ८, काठमाडौँ #Nepali_8_Model_Ques...","",""
"12:05",https://www.youtube.com/watch?v=xwgiQX0osdY,"कक्षा ९ को परीक्षा तयारी सामग्री २०८०  विषय : नेपाली  कक्षा : ९ प्रस्तोता : दिनेश के. सी. जालुपा माध्यमिक विद्यालय  टोखा ८, काठमाडौँ  #Nepali_9_Model_Questio...","",""
"13:42",https://www.youtube.com/watch?v=rtNOoUhxPG4,"कक्षा १० को एसइई परीक्षा तयारी सामग्री २०८० विषय : नेपाली  कक्षा : १० प्रस्तोता : दिनेश के. सी. जालुपा माध्यमिक विद्यालय  टोखा ८, काठमाडौँ #SEE_Nepali_Model_...","",""
"5:39",https://www.youtube.com/watch?v=gnZNHuuppnc,"विषय : नेपाली कक्षा : १०  पाठ : ९ सिकाइ सन्दर्भ सामग्री कक्षा १०  प्रस्तोता : दिनेश के.सी. जालुपा माध्यमिक विद्यालय टोखा ८, काठमाडौँ  नेपाली भाषा सिकाइ च्यान...","",""
"6:01",https://www.youtube.com/watch?v=q6PT8uhZtaU,"विषय : नेपाली कक्षा : ८  पाठ : ८ सिकाइ सन्दर्भ सामग्री कक्षा ८ प्रस्तोता : दिनेश के.सी. जालुपा माध्यमिक विद्यालय टोखा ८, काठमाडौँ नेपाली भाषा सिकाइ च्यानल  #...","",""
"4:31",https://www.youtube.com/watch?v=f33KSkq3fLI,"विषय : नेपाली कक्षा : १० पाठ : ८ सिकाइ सन्दर्भ सामग्री कक्षा १०  प्रस्तोता : दिनेश के.सी. जालुपा माध्यमिक विद्यालय टोखा ८, काठमाडौँ नेपाली भाषा सिकाइ च्यानल ...","",""
"4:10",https://www.youtube.com/watch?v=JI0bv8ago6o,"विषय : नेपाली कक्षा : १० पाठ : ८सिकाइ सन्दर्भ सामग्री कक्षा १०  प्रस्तोता : दिनेश के.सी. जालुपा माध्यमिक विद्यालय टोखा ८, काठमाडौँ नेपाली भाषा सिकाइ च्यानल #...","",""
"4:32",https://www.youtube.com/watch?v=pK-s4_25dyY,"विषय : नेपाली कक्षा : १० पाठ : ७ सिकाइ सन्दर्भ सामग्री कक्षा १०  प्रस्तोता : दिनेश के.सी. जालुपा माध्यमिक विद्यालय  टोखा ८, काठमाडौँ नेपाली भाषा सिकाइ च्यानल...","",""
"6:26",https://www.youtube.com/watch?v=uG3lWC_-rU0,"विधा : वादविवाद विषय : नेपाली कक्षा : १० पाठ : ६ सिकाइ सन्दर्भ सामग्री कक्षा १०  प्रस्तोता : दिनेश के.सी. जालुपा माध्यमिक विद्यालय टोखा ८, काठमाडौँ नेपाली भा...","",""
"5:12",https://www.youtube.com/watch?v=tHuDU1UyTOw,"'अमरपुत्र' सामाजिक कथा भीमनिधि तिवारीविषय : नेपाली कक्षा : ८ पाठ : ६ सिकाइ सन्दर्भ सामग्री कक्षा ८  प्रस्तोता : दिनेश के.सी. जालुपा माध्यमिक विद्यालय टोखा ८,...","",""
"5:30",https://www.youtube.com/watch?v=ip2msp6GatA,"विषय : नेपाली  कक्षा : १० पाठ : ५ सिकाइ सन्दर्भ सामग्री कक्षा १० प्रस्तोता : दिनेश के.सी. जालुपा माध्यमिक विद्यालय  टोखा ८, काठमाडौँ  नेपाली भाषा सिकाइ च्यान...","",""
"4:56",https://www.youtube.com/watch?v=53FYctejK-E,"विषय : नेपाली कक्षा : ८ पाठ : ५ सिकाइ सन्दर्भ सामग्री कक्षा ८ प्रस्तोता : दिनेश के.सी. जालुपा माध्यमिक विद्यालय टोखा ८, काठमाडौँ नेपाली भाषा सिकाइ च्यानल #मा...","",""
"4:45",https://www.youtube.com/watch?v=pZ7fe7RB4Xo,"विषय : नेपाली कक्षा : १०  पाठ : ४सिकाइ सन्दर्भ सामग्री कक्षा १० प्रस्तोता : दिनेश के.सी. जालुपा माध्यमिक विद्यालय टोखा ८, काठमाडौँ नेपाली भाषा सिकाइ च्यानल #...","",""
"4:45",https://www.youtube.com/watch?v=k_MkdETpOuQ,"विषय : नेपाली कक्षा : १०  पाठ : ३ सिकाइ सन्दर्भ सामग्री कक्षा १० प्रस्तोता : दिनेश के.सी. जालुपा माध्यमिक विद्यालय टोखा ८, काठमाडौँ नेपाली भाषा सिकाइ च्यानल ...","",""
"4:49",https://www.youtube.com/watch?v=7_Ag8rZCmNE,"विषय : नेपाली  कक्षा : ८ पाठ : ३ स्वामी प्रपन्नाचार्य सिकाइ सन्दर्भ सामग्री कक्षा ८ प्रस्तोता : दिनेश के.सी. जालुपा माध्यमिक विद्यालय टोखा ८, काठमाडौँ नेपाली...","",""
"5:39",https://www.youtube.com/watch?v=szen3AKNFN0,"विषय : नेपाली कक्षा : १०  पाठ : ३ 'चिकित्सा विज्ञान र आयुर्वेद चिकित्सा' निबन्धको सार   सिकाइ सन्दर्भ सामग्री कक्षा १० प्रस्तोता : दिनेश के.सी. जालुपा माध्यम...","",""
"5:22",https://www.youtube.com/watch?v=sVF-v6tfV8s,"'साकार सपना' ऐतिहासिक कथा गणेशप्रसाद भट्टराई  विषय : नेपाली कक्षा : ८ पाठ : २ सिकाइ सन्दर्भ सामग्री कक्षा ८  प्रस्तोता : दिनेश के.सी. जालुपा माध्यमिक विद्याल...","",""
"5:20",https://www.youtube.com/watch?v=VNIefyomJHU,"मेघ बिजुली विवाह कविता - भरतराज पन्त - लयबोध - शिखरिणी छन्दय म न स भ लघु गुरु (वार्णिक छन्दको एक प्रकार)-  कक्षा ९, नेपाली#Megh_Bijuli_Bibaha- दिनेश के.सी.Di...","",""
"4:52",https://www.youtube.com/watch?v=tPW52MpaXQE,"'घरझगडा' ऐतिहासिक कथा  बदरीनाथ भट्टराई विषय : नेपाली कक्षा : १० पाठ : २ सिकाइ सन्दर्भ सामग्री कक्षा १० प्रस्तोता : दिनेश के.सी. जालुपा माध्यमिक विद्यालय  टोख...","",""
"4:02",https://www.youtube.com/watch?v=DcI7ynLjsiU,"पाठ १, बोध अभिव्यक्ति अभ्यास  प्रश्न नं ९ को नमुना उत्तर Sahidharuko samjhanama कवि भूपि शेरचन 'सहिदहरूको सम्झनामा' विषय : नेपाली कक्षा : ८ पाठ : १ सिकाइ सन्...","",""
"5:06",https://www.youtube.com/watch?v=-i9iR2eaWhE,"प्रश्न नं ११ क. र ख. को नमुना उत्तर  पाठ : उज्यालो यात्रा  विधा : कविता  विषय : नेपाली  कक्षा : १० पाठ : १ सिकाइ सन्दर्भ सामग्री कक्षा १० प्रस्तोता : दिनेश क...","",""
"4:59",https://www.youtube.com/watch?v=6vMpnAVrkYk,"'उज्यालो यात्रा' कविता कवि : रामप्रसाद ज्ञवाली विषय : नेपाली कक्षा : १० पाठ : १ सिकाइ सन्दर्भ सामग्री कक्षा १० प्रस्तोता : दिनेश के.सी. जालुपा माध्यमिक विद्य...","",""
"4:54",https://www.youtube.com/watch?v=uxXafoDC9j4,"कविता : सहिदहरूको सम्झनामा कवि : भूपि शेरचन विषय : नेपाली कक्षा : ८ पाठ : १  सिकाइ सन्दर्भ सामग्री कक्षा ८ प्रस्तोता : दिनेश के.सी. जालुपा माध्यमिक विद्यालय ...","",""
"9:29",https://www.youtube.com/watch?v=4zV1xsaOf9w,"वार्षिक परीक्षा तयारी सामग्री सेट ४  विषय : नेपाली कक्षा : ६ प्रस्तोता : दिनेश के. सी. जालुपा माध्यमिक विद्यालय  टोखा ८, काठमाडौँ   #Nepali_6 #नेपाली_भाषा_सि...","",""
"9:34",https://www.youtube.com/watch?v=aVJXFyv3PqY,"कक्षा ७ को वार्षिक परीक्षा तयारी सामग्री सेट ८ विषय : नेपाली कक्षा : ७ प्रस्तोता : दिनेश के. सी. जालुपा माध्यमिक विद्यालय टोखा ८, काठमाडौँ  #Nepali_7 #नेपाली...","",""
"6:47",https://www.youtube.com/watch?v=DoRCis1hrdE,"विषय : नेपाली विधा : निबन्ध Lagu Padartha Durbyasan प्रस्तोता : दिनेश के. सी. जालुपा माध्यमिक विद्यालय टोखा ८, काठमाडौँ #Drugs_Addiction#नेपाली_भाषा_सिकाइ #D...","",""
"9:57",https://www.youtube.com/watch?v=l_jOcoBLi5Q,"कक्षा ७ को वार्षिक परीक्षा तयारी सामग्री २०७९ विषय : नेपाली  कक्षा : ७  प्रस्तोता : दिनेश के. सी. जालुपा माध्यमिक विद्यालय  टोखा ८, काठमाडौँ  #Nepali  #नेपाल...","",""
"7:36",https://www.youtube.com/watch?v=mYiDE-fFFH0,"ह्स्व र दीर्घको सरल नियम र सूत्र विषय : नेपाली प्रस्तोता : दिनेश के. सी. जालुपा माध्यमिक विद्यालय टोखा ८, काठमाडौँ #नेपाली_भाषा_सिकाइ  #Dinesh_Kandel_KC #RHA...","",""
"10:23",https://www.youtube.com/watch?v=X9Gx78Z6dPA,"कक्षा ७ को वार्षिक परीक्षा तयारी सामग्री २०७९ विषय : नेपाली  कक्षा : ७  प्रस्तोता : दिनेश के. सी. जालुपा माध्यमिक विद्यालय टोखा ८, काठमाडौँ #Grade_7_Nepali_S...","",""
"9:36",https://www.youtube.com/watch?v=R13QBfVIqLk,"कक्षा ६ को विशेष परीक्षा सामग्री  विषय : नेपाली कक्षा : ६  प्रस्तोता : दिनेश के. सी. जालुपा माध्यमिक विद्यालय टोखा ८, काठमाडौँ #Grade_6_Nepali_SET3 #नेपाली_भ...","",""
"3:27",https://www.youtube.com/watch?v=o4_UpF9Tww0,"विषय : नेपाली प्रस्तोता : दिनेश के. सी. जालुपा माध्यमिक विद्यालय टोखा ८, काठमाडौँ #नेपाली_भाषा_सिकाइ #Dinesh_Kandel_KC_Channel #AGYAT_BHUT  नेपाली भाषा सिकाइ...","",""
"3:04",https://www.youtube.com/watch?v=-f-eYFH4GpA,"अभ्यस्त भूतको अभ्यास १ विषय : नेपाली प्रस्तोता : दिनेश के. सी. जालुपा माध्यमिक विद्यालय टोखा ८, काठमाडौँ #नेपाली_भाषा_सिकाइ #Dinesh_Kandel_KC_Channel #ABHYAS...","",""
"3:17",https://www.youtube.com/watch?v=K-XkqIuNHd0,"इच्छार्थक वाक्यको सूत्र र अभ्यास विषय : नेपाली प्रस्तोता : दिनेश के. सी. जालुपा माध्यमिक विद्यालय टोखा ८, काठमाडौँ #नेपाली_भाषा_सिकाइ #Dinesh_Kandel_KC_Chann...","",""
"2:51",https://www.youtube.com/watch?v=GDyNHnUQUvU,"सम्भावनार्थक वाक्यको सूत्र र अभ्यास विषय : नेपाली प्रस्तोता : दिनेश के. सी. जालुपा माध्यमिक विद्यालय टोखा ८, काठमाडौँ #नेपाली_भाषा_सिकाइ #Dinesh_Kandel_KC_Ch...","",""
"6:02",https://www.youtube.com/watch?v=msJ1b9Gshq4,"कारक र विभक्तिको अभ्यास २ | KARAK EXERCISE SET 2 कारक र विभक्तिको अभ्यास २विषय : नेपाली प्रस्तोता : दिनेश के. सी. जालुपा माध्यमिक विद्यालय टोखा ८, काठमाडौँ #...","",""
"4:14",https://www.youtube.com/watch?v=OKBHygHMdS8,"कक्षा ७ को प्रश्नपत्र सेट ५ को उत्तरमाला (२०७९) विषय : नेपाली प्रस्तोता : दिनेश के. सी. जालुपा माध्यमिक विद्यालय टोखा ८, काठमाडौँ #नेपाली_भाषा_सिकाइ #Dinesh_...","",""
"10:38",https://www.youtube.com/watch?v=quWyaT0MdL4,"कक्षा ७ को प्रश्नपत्र सेट ५ (२०७९) विषय : नेपाली प्रस्तोता : दिनेश के. सी. जालुपा माध्यमिक विद्यालय टोखा ८, काठमाडौँ #नेपाली_भाषा_सिकाइ #Dinesh_Kandel_KC_Cha...","",""
"3:35",https://www.youtube.com/watch?v=ZDuPl-ReSOw,"कारक र विभक्तिको नयाँ सूत्र र अभ्यास विषय : नेपाली प्रस्तोता : दिनेश के. सी. जालुपा माध्यमिक विद्यालय टोखा ८, काठमाडौँ #नेपाली_भाषा_सिकाइ #Dinesh_Kandel_KC_C...","",""
"9:29",https://www.youtube.com/watch?v=L5UOwVnl5uk,"कक्षा ६ को दोस्रो त्रैमासिक परीक्षा सामग्री  विषय : नेपाली कक्षा : ६  प्रस्तोता : दिनेश के. सी. जालुपा माध्यमिक विद्यालय टोखा ८, काठमाडौँ #नेपाली_भाषा_सिकाइ ...","",""
"9:25",https://www.youtube.com/watch?v=A-thFgR9bt8,"कक्षा ७ को लिखित परीक्षाको सामग्री सेट ४ विषय : नेपाली कक्षा : ७ प्रस्तोता : दिनेश के. सी. जालुपा माध्यमिक विद्यालय टोखा ८, काठमाडौँ #Grade7_NepaliModelQuest...","",""
"6:20",https://www.youtube.com/watch?v=QUkL9Q7LvME,"कक्षा ९ को परीक्षा सामग्री विषय : नेपाली कक्षा : ९  प्रस्तोता : दिनेश के. सी. जालुपा माध्यमिक विद्यालय टोखा ८, काठमाडौँ #Grade9_Nepali_Shabdartha #नेपाली_भाष...","",""
"10:00",https://www.youtube.com/watch?v=Bnp49eqGHZ4,"कक्षा ७ को परीक्षाको अभ्यास सेट ३विषय : नेपाली कक्षा : ७  प्रस्तोता : दिनेश के. सी. जालुपा माध्यमिक विद्यालय टोखा ८, काठमाडौँ #Grade7_Nepali#Model_Questions_...","",""
"6:55",https://www.youtube.com/watch?v=-t5ysxYPSBI,"कक्षा ९ को परीक्षा तयारी सामग्री  विषय : नेपाली कक्षा : ९ प्रस्तोता : दिनेश के. सी. जालुपा माध्यमिक विद्यालय टोखा ८, काठमाडौँ #Nepali_Grade_9 #Shabdartha_Set...","",""
"4:23",https://www.youtube.com/watch?v=EDoEhOutbyc,"कक्षा ९ को सिकाइ सन्दर्भ सामग्री विषय : नेपाली कक्षा : ९ प्रस्तोता : दिनेश के. सी. जालुपा माध्यमिक विद्यालय टोखा ८, काठमाडौँ #Nepali_Grade_9#Bhabisya_Nirman_...","",""
"5:14",https://www.youtube.com/watch?v=ntn7eFJhOgI,"वादविवाद प्रतियोगिताको नमुना सिकाइ सन्दर्भ सामग्री विषय : नेपाली प्रस्तोता : दिनेश के.सी. जालुपा माध्यमिक विद्यालय टोखा ८, काठमाडौँ #Baideshik_Rojgari","",""
"5:48",https://www.youtube.com/watch?v=OMAFIf5WqVU,"वादविवाद प्रतियोगिताको नमुना  सिकाइ सन्दर्भ सामग्री विषय : नेपाली प्रस्तोता : दिनेश के.सी. जालुपा माध्यमिक विद्यालय टोखा ८, काठमाडौँ #Sthaniya_Rojgari","",""
"5:23",https://www.youtube.com/watch?v=QvwwIw7TzBk,"सिकाइ सन्दर्भ सामग्री कक्षा ९ विषय : नेपाली कक्षा : ९  पाठ : १५ आमाको तस्बिर युवाकवि भूपिन प्रस्तोता : दिनेश के.सी. जालुपा माध्यमिक विद्यालय टोखा ८, काठमाडौँ...","",""
"4:53",https://www.youtube.com/watch?v=qcgJgo3Avws,"सिकाइ सन्दर्भ सामग्री कक्षा ७ विषय : नेपाली कक्षा : ७ पाठ : १७ स्थायी बास कथाकार लीलबहादुर क्षत्री प्रस्तोता : दिनेश के.सी. जालुपा माध्यमिक विद्यालय टोखा ८, ...","",""
"4:27",https://www.youtube.com/watch?v=KgZqHnW9OwI,"साइबर अपराधको रोकथाम | Cyber  Aparadhko Roktham | निबन्ध सिकाइ सन्दर्भ सामग्री कक्षा ९ विषय : नेपाली प्रस्तोता : दिनेश के.सी. माध्यमिक तह जालुपा माध्यमिक विद...","",""
"6:32",https://www.youtube.com/watch?v=5f7jOa5Z3XU,"५८ औँ राष्ट्रिय बालदिवसको अवसर पारेर तयार पारिएको सामग्री  Speech in Nepali  बालदिवस र बालअधिकार प्रस्तोता : दिनेश के.सी. कक्षा ८, ९, १०, नेपाली जालुपा माध्य...","",""
"5:41",https://www.youtube.com/watch?v=wi9VFwJy-x8,"प्रस्तोता : दिनेश के.सी. कक्षा ९, नेपाली पाठ १४ नेपाली लोकबाजा  Nepali Lokbaja जालुपा माध्यमिक विद्यालय  टोखा ८, काठमाडौँ","",""
"3:59",https://www.youtube.com/watch?v=ynUVJDNJQI8,"पाठ १५ प्रस्तोता : दिनेश के.सी. कक्षा ७, नेपाली जालुपा माध्यमिक विद्यालय टोखा ८, बानियाँटार, गोँगबु, काठमाडौँ","",""
"9:15",https://www.youtube.com/watch?v=x1DamG29EHc,"विद्यालय स्तरीय परीक्षामा धेरै सोधिने तीन निबन्ध  १. मेरो देश २. मेरो जीवनको लक्ष्य ३. पर्यावरणीय सन्तुलन  नमुना उत्तर लेखन : रेश्मा थापाकक्षा १०, नेपाली संय...","",""
"4:02",https://www.youtube.com/watch?v=PNNJlbQl3VU,"नमुना उत्तर लेखन : रेसिका महर्जन कक्षा ७, नेपाली संयोजन : दिनेश के.सी. जालुपा माध्यमिक विद्यालय टोखा ८, काठमाडौँ","",""
"7:56",https://www.youtube.com/watch?v=24boymSMn8g,"विशिष्टीकरण तालिकाअनुसार कक्षा ७ नेपालीको प्रश्नपत्र निर्माण गर्ने तरिका २०७९ कक्षा : ७ प्रस्तोता : दिनेश के. सी. जालुपा माध्यमिक विद्यालय  टोखा ८, गोँगबु, क...","",""
"5:48",https://www.youtube.com/watch?v=yyXn7YoxOwY,"पाठ : माइकल फेराडे विधा : जीवनी पाठ : १२ विषय : नेपाली कक्षा : ९ प्रस्तोता : दिनेश कँडेल के. सी. जालुपा माध्यमिक विद्यालय टोखा ८, काठमाडौँमाइकल फेराडेले गरेक...","",""
"5:29",https://www.youtube.com/watch?v=aFCfZ7kBZBE,"नेपालीको आन्तरिक मूल्याङ्कन ढाँचा २०७९ . विषय : नेपाली कक्षा : ९ प्रस्तोता : दिनेश के. सी. जालुपा माध्यमिक विद्यालय टोखा ८, गोँगबु, काठमाडौँ","",""
"9:52",https://www.youtube.com/watch?v=ty_6d2R-l8M,"नमुना प्रश्नपत्र २०७९ (नयाँ पाठ्यक्रम) विषय : नेपाली कक्षा : ६ प्रस्तोता : दिनेश के. सी. जालुपा माध्यमिक विद्यालय टोखा ८, गोँगबु, काठमाडौँ","",""
"7:12",https://www.youtube.com/watch?v=aoleg7C2V5I,"पाठ : समय पीडा विधा : सामाजिक कथा लेखक :  पद्मावती सिंह पाठ : ११विषय : नेपाली कक्षा : ९ प्रस्तोता : दिनेश के. सी. जालुपा माध्यमिक विद्यालय टोखा ८, काठमाडौँ","",""
"3:55",https://www.youtube.com/watch?v=ijxtHkjvvNs,"परीक्षा सामग्री कक्षा ९ प्रस्तोता : दिनेश के. सी. जालुपा माध्यमिक विद्यालय टोखा ८, गोँगबु, काठमाडौँ ।समास, विग्रह र द्वित्वको अभ्यास  Samas, Bigraha ra Dwitw...","",""
"10:41",https://www.youtube.com/watch?v=u6nbIV4YlCE,"नमुना प्रश्नपत्र २०७९ (नयाँ पाठ्यक्रम) विषय : नेपाली कक्षा : ७ प्रस्तोता : दिनेश के. सी. जालुपा माध्यमिक विद्यालय टोखा ८, गोँगबु, काठमाडौँ","",""
"4:16",https://www.youtube.com/watch?v=SdKXmtirr_E,"पाठ : 'अबोध' कथा विधा : मनोवैज्ञानिक कथा लेखक :  किशोर पहाडी पाठ : ११ विषय : नेपाली कक्षा : ७ प्रस्तोता : दिनेश के. सी. जालुपा माध्यमिक विद्यालय टोखा ८, गोँग...","",""
"5:20",https://www.youtube.com/watch?v=EISd9UHQMBc,"पाठ : 'सारङ्गीमा देश' कविताको गायन लेखक : धीरेन्द्र प्रेमर्षि गायन तथा सङ्गीत : विपी नेपाली पाठ : ८  विषय : नेपाली  कक्षा : ९ प्रस्तोता : दिनेश के. सी. जालुप...","",""
"4:37",https://www.youtube.com/watch?v=M_L2uOnGhLU,"पाठ : 'आमा' कविता विधा : कविता (अनुष्टुप छन्द) लेखक :  डा. कृष्णप्रसाद भट्टराई पाठ : ९ विषय : नेपाली कक्षा : ७ प्रस्तोता : दिनेश के. सी. जालुपा माध्यमिक विद्...","",""
"6:38",https://www.youtube.com/watch?v=_7v2swpua6g,"पाठ : कञ्चनजङ्घालाई नियाल्दा विधा : नियात्रा लेखक :  राजेन्द्रमान डङ्गोल पाठ : ९ विषय : नेपाली कक्षा : ९ प्रस्तोता : दिनेश के. सी. जालुपा माध्यमिक विद्यालय ट...","",""
"5:31",https://www.youtube.com/watch?v=2uSibO-l_q4,"पाठ : 'सारङ्गीमा देश' कविताको मूल भाव  विधा : कविता लेखक : धीरेन्द्र प्रेमर्षि पाठ : ८  विषय : नेपाली  कक्षा : ९ प्रस्तोता : दिनेश के. सी. जालुपा माध्यमिक वि...","",""
"6:11",https://www.youtube.com/watch?v=4gDJ-dlhwQk,"पाठ : कालजित र अजङ्गको राक्षसको कथा सार विधा : लोककथा लेखक : मोतीलाल पराजुली पाठ : ७ विषय : नेपाली कक्षा : ९ प्रस्तोता : दिनेश के. सी. जालुपा माध्यमिक विद्या...","",""
"14:18",https://www.youtube.com/watch?v=3GL1X2M5SbI,"पाठ : कालजित र अजङ्गको राक्षसको कथा विधा : कथा कथाकार : मोतीलाल पराजुली पाठ : ७ विषय : नेपाली  कक्षा : ९ प्रस्तोता : दिनेश के. सी.  जालुपा माध्यमिक विद्यालय ...","",""
"5:16",https://www.youtube.com/watch?v=z_8hiTaC25g,"पाठ : परिकल्पना विधा : कथा लेखक : हरि खनाल पाठ : ७ विषय : नेपाली कक्षा : ७ प्रस्तोता : दिनेश के. सी. जालुपा माध्यमिक विद्यालय  टोखा ८, काठमाडौँ","",""
"7:29",https://www.youtube.com/watch?v=xEP6_B5odMc,"पाठ : परिकल्पना  विधा : कथा लेखक : हरि खनाल पाठ : ७  विषय : नेपाली  कक्षा : ७ प्रस्तोता : दिनेश के. सी. जालुपा माध्यमिक विद्यालय  टोखा ८, काठमाडौँ","",""
"6:40",https://www.youtube.com/watch?v=MtZHU4OeEGw,"पाठ : पर्यावरण सन्तुलन विधा : संवाद पाठ : ६  विषय : नेपाली कक्षा : ९ प्रस्तोता : दिनेश के. सी. जालुपा माध्यमिक विद्यालय टोखा ८, काठमाडौँ","",""
"5:24",https://www.youtube.com/watch?v=F7QAglIvuM0,"महाकवि लक्ष्मीप्रसाद देवकोटाको 'वर्षा' कविता कक्षा : १० विषय : नेपाली प्रस्तोता : दिनेश के. सी. जालुपा माध्यमिक विद्यालय टोखा ८, काठमाडौँ","",""
"5:42",https://www.youtube.com/watch?v=qLBN6B7b4Uo,"उपसर्ग र प्रत्ययको नमुना उत्तर कक्षा : ९ विषय : नेपाली पृष्ठ : ५५ र ५६  पाठ्यवस्तु : उपसर्ग र प्रत्यय प्रस्तोता : दिनेश के.सी. जालुपा माध्यमिक विद्यालय टोखा ...","",""
"5:30",https://www.youtube.com/watch?v=Mw-rph3PiuU,"'स्वस्थ जीवनका लागि योग'  निबन्धकक्षा : ७ विषय : नेपाली पाठ : ५ प्रस्तोता : दिनेश के.सी. जालुपा माध्यमिक विद्यालय टोखा ८, काठमाडौँ","",""
"4:38",https://www.youtube.com/watch?v=rBYe2aSbusg,"कक्षा : ९  विषय : नेपाली  पाठ : ५  'सत्यमोहन जोशी' जीवनीका बुँदाहरू प्रस्तोता : दिनेश के.सी.  जालुपा माध्यमिक विद्यालय  टोखा ८, काठमाडौँ","",""
"5:29",https://www.youtube.com/watch?v=JIJTuyvB-5Q,"कक्षा ९ को पाठ ५ को 'सत्यमोहन जोशी' जीवनीको सारविषय : नेपाली प्रस्तोता : दिनेश के.सी. जालुपा माध्यमिक विद्यालय टोखा ८, काठमाडौँ","",""
"4:13",https://www.youtube.com/watch?v=5P1hP74chS0,"कक्षा ८ को 'मित्रता'कथाको नमुना तार्किक उत्तरविषय : नेपाली प्रस्तोता : दिनेश के.सी. जालुपा माध्यमिक विद्यालय टोखा ८, काठमाडौँ","",""
"4:05",https://www.youtube.com/watch?v=P-NqxlKoIOE,"साहित्यकार भूपि शेरचन पाठको सार कक्षा ७, नेपाली, पाठ ४, जीवनी प्रस्तोता : दिनेश के.सी.  माध्यमिक तह  जालुपा माध्यमिक विद्यालय  टोखा ८, काठमाडौँ","",""
"4:28",https://www.youtube.com/watch?v=peyXc5vxVYk,"सिकाइ सन्दर्भ सामग्री कक्षा ९ प्रस्तोता : दिनेश के.सी. माध्यमिक तह जालुपा माध्यमिक विद्यालय टोखा ८, काठमाडौँ #Class9Nepali #Dinesh_Kandel_KC विशिष्टीकरण तालि...","",""
"5:18",https://www.youtube.com/watch?v=qEe6-tuntJ4,"व्यापारिक चिठीको खाका व्यापारिक चिठीको नमुनाकक्षा १०, ११ र १२ को सन्दर्भ सामग्रीप्रस्तोता : दिनेश के.सी. माध्यमिक तह जालुपा माध्यमिक विद्यालय टोखा ८, काठमाडौँ","",""
"6:12",https://www.youtube.com/watch?v=eV47HW-SZ14,"सकर्मक र अकर्मक क्रिया |कक्षा  : ९, पाठ : २ भाषिक संरचना र वर्णविन्यास अभ्यास : ५पृष्ठ :  २२प्रस्तोता : दिनेश के.सी. माध्यमिक तह जालुपा माध्यमिक विद्यालय टोख...","",""
"5:29",https://www.youtube.com/watch?v=-l4_nho2Tv0,"नमुना निबन्ध लेखन प्रस्तोता : दिनेश के.सी.माध्यमिक तहजालुपा माध्यमिक विद्यालय टोखा - ८, बानियाँटार, काठमाडौँ","",""
"5:57",https://www.youtube.com/watch?v=fXxY9HBpZ0g,"कक्षा ७, नेपाली, पाठ २ तितो बोली सच्चा गुण जालुपा माध्यमिक विद्यालय  टोखा ८, काठमाडौँ","",""
"5:49",https://www.youtube.com/watch?v=Qm1YJ3p9R-g,"- करेसाबारी निबन्ध- पाठ ३ - कक्षा ९ - नेपाली विषय- दिनेश के.सी.करेसाबारी पाठको सूत्रकरेसाबारी लगाऔँ तरकारीघर जग्गाको सदुपयोग गरी मिठा ताजा महँगीमा राहत घरकै ...","",""
"2:56",https://www.youtube.com/watch?v=VqiKL1dpJaM,"मेरो देश - दैवज्ञराज न्यौपाने (वि.सं.२००४-२०६८)- कविताको लयबोधप्रस्तोता : - दिनेश के.सी.- नेपाली भाषा विभाग- जालुपा माध्यमिक विद्यालय टोखा ८, काठमाडौँ","",""
"9:34",https://www.youtube.com/watch?v=fC8CJ-OvmUo,"कक्षा ७, नेपाली, पाठ २ तितो बोली सच्चा गुण जालुपा माध्यमिक विद्यालय  टोखा ८, काठमाडौँ","",""
"9:00",https://www.youtube.com/watch?v=OZFmIEiI1Y4,"कारक र विभक्ति पहिचान गर्ने तरिकाKARAK AND BIBHAKTI- कारक र विभक्तिको ५० ओटा अभ्यास- कारक र विभक्तिको सूत्र- दिनेश के.सी.- जालुपा माध्यमिक विद्यालय टोखा ८, ग...","",""
"8:56",https://www.youtube.com/watch?v=IqC9FP2CVXQ,"करेसाबारी निबन्धका मुख्य बुँदाहरू - फरक फरक कोणबाट करेसाबारी निबन्धको प्रस्तुति- कक्षा ९, नेपाली- पाठ ३ निबन्ध- करेसाबारीKARESABARI NIBANDHA(Key points) - दि...","",""
"4:11",https://www.youtube.com/watch?v=3KvWABQeafs,"मेरो देश - दैवज्ञराज न्यौपाने (वि.सं.२००४-२०६८)- कविताको  मूल भावप्रस्तोता : - दिनेश के.सी.- नेपाली भाषा विभाग- जालुपा माध्यमिक विद्यालय टोखा ८, काठमाडौँ","",""
"8:23",https://www.youtube.com/watch?v=0yevIyXZlMw,"स्वाद कथाको कथासार (Swad Kathako Sar)पाठ २, नेपाली, कक्षा ९ प्रस्तुतकर्ता दिनेश के.सी. जालुपा माध्यमिक विद्यालय टोखा नगरपालिका ८, गोँगबु, काठमाडौँ","",""
"13:10",https://www.youtube.com/watch?v=fy8JXEbgFZg,"स्वाद कथा (SWAD KATHA, CLASS 9, NEPALI) सस्वर वाचन, दिनेश के.सी. नेपाली विषय,कक्षा ९, जालुपा माध्यमिक विद्यालय टोखा ८, बानियाँटार, काठमाडौँ","",""
"4:25",https://www.youtube.com/watch?v=ySK8wK6ngH4,"मेघ बिजुली विवाह कविता - भरतराज पन्त- लयबोध - शिखरिणी छन्द, य म न स भ लघु गुरु (वार्णिक छन्दको एक प्रकार)-  कक्षा ९, नेपाली- दिनेश के.सी.Dinesh Kandel KC Cha...","",""
"5:02",https://www.youtube.com/watch?v=qPP1eTHgLM0,"- MEGH BIJULI BIBAHA- भरतराज पन्त- मेघ बिजुली विवाह- शिखरिणी छन्द- कक्षा ९- दिनेश के.सी.- जालुपा माध्यमिक विद्यालय- टोखा -८, गोँगबु,  काठमाडौँ","",""
"4:15",https://www.youtube.com/watch?v=EjHul43IGuI,"- प्रस्तोता : दिनेश के.सी.- जालुपा माध्यमिक विद्यालय - टोखा - ८, बानियाँटार,  काठमाडौँ- शब्दवर्गको नयाँ अभ्यास सेट २०७८","",""
"8:45",https://www.youtube.com/watch?v=RTMj2oJrXEs,"बुँदा टिपोट र सारांश लेख्ने सजिलो तरिकाप्रस्तोता : दिनेश के.सी.जालुपा माध्यमिक विद्यालय टोखा - ८, बानियाँटार, काठमाडौँ","",""
"6:52",https://www.youtube.com/watch?v=AB4r4BULjB0,"कारक र विभक्तिको पहिचान तथा नयाँ अभ्यास - दिनेश के.सी. - नेपाली भाषा विभाग- जालुपा माध्यमिक विद्यालयटोखा ८ , बानियाँटार, काठमाडौँ- कारक र विभक्ति पहिचान गर्न...","",""
"10:00",https://www.youtube.com/watch?v=9lHw2kUrYe4,"नेपाली निबन्ध रचना र अभ्यासप्रस्तोता : दिनेश के.सी.कक्षा ९, १०, ११ र १२माध्यमिक तहजालुपा माध्यमिक विद्यालय टोखा - ८, बानियाँटार, काठमाडौँ","",""
"6:12",https://www.youtube.com/watch?v=-1KUzYs3ha0,"कक्षा ८ को नेपाली विषयको प्रश्न नं ७ को १० सेट अभ्यास- दिनेश के.सी.- नेपाली भाषा शिक्षक- जालुपा माध्यमिक विद्यालय,  टोखा -८, बानियाँटार","",""
"8:47",https://www.youtube.com/watch?v=CquHz4LRl2k,"समास र विग्रहको अनुच्छेदमा अभ्यासप्रस्तोता : दिनेश के. सी.विद्यालय : जालुपा माध्यमिक विद्यालय, टोखा -८, बानियाँटार, काठमाडौँतह : माध्यमिकविषय : नेपाली भाषाक्...","",""
"6:16",https://www.youtube.com/watch?v=IMDYfy6HSjA,"समास र विग्रह अभ्यास खण्ड- प्रस्तोता : दिनेश के.सी.- जालुपा माध्यमिक विद्यालय- टोखा ८, बानियाँटार, काठमाडौँ","",""
"9:39",https://www.youtube.com/watch?v=bhhhPz63hHQ,"जीवनी लेखनको तरिका, नमुना र अभ्यास- प्रस्तोता : दिनेश के.सी.- जालुपा माध्यमिक विद्यालय- टोखा नगरपालिका - ८, बानियाँटार, गोँगबु, काठमाडौँ- नववर्ष २०७८ को विशे...","",""
"8:45",https://www.youtube.com/watch?v=kmQtjmNzVNg,"सम्पूर्ण उपसर्ग तथा यसका उदाहरणहरूप्रस्तोता : दिनेश के. सी. - जालुपा माध्यमिक विद्यालय - टोखा - ८, बानियाँटार, काठमाडौँ- २०७७ सालको होली पर्वको अवसरमा सबैलाई...","",""
"9:32",https://www.youtube.com/watch?v=-UTeh-NIync,"कथा लेखनको तरिका, नमुना र अभ्यास- प्रस्तोता : दिनेश के.सी.- श्रीपञ्चमी तथा सरस्वती पूजाको अवसरमा प्रस्तुत गरिएको व्याकरण तथा रचना खण्ड सामग्री- जालुपा माध्यम...","",""
"8:34",https://www.youtube.com/watch?v=iiXX0MTSwwM,"शब्दवर्गको अभ्यास (भाग २)- दिनेश के.सी. - नेपाली भाषा विभाग- जालुपा माध्यमिक विद्यालय  टोखा ८ , बानियाँटार, काठमाडौँ- कक्षा ८, ९ र १० का लागि पाठ्यक्रमअनुसार...","",""
"9:26",https://www.youtube.com/watch?v=Iqd925vCOeA,"वाच्य र अभ्यास भाग ३ (Voice Part 3)प्रस्तोता : दिनेश के. सी.Presented by : Dinesh KCविद्यालय : जालुपा माध्यमिक विद्यालय, टोखा -८, बानियाँटार, काठमाडौँSchool ...","",""
"6:55",https://www.youtube.com/watch?v=auNsaCFiwq4,"प्रेरणार्थक वाक्य (Preranarthak Bakya)प्रस्तोता : दिनेश के. सी.विद्यालय : जालुपा माध्यमिक विद्यालय, टोखा -८, बानियाँटार, काठमाडौँकक्षा : ९ र १०विषय : नेपाली ...","",""
"6:45",https://www.youtube.com/watch?v=VdzzjMgQQUY,"कारक र विभक्तिको थप अभ्यास (कक्षा ८, ९ र १०)दिनेश के.सी. नेपाली भाषा विभागजालुपा माध्यमिक विद्यालयटोखा ८ , बानियाँटार, काठमाडौँ(कारक र विभक्तिको प्रकार, सूत्...","",""
"7:14",https://www.youtube.com/watch?v=78Xj_kDVuBU,"करण र अकरण भाग २KARAN RA AKARAN (Part 2)प्रस्तोता : दिनेश के. सी.Presented by : Dinesh KCकक्षा : ८, ९ र १० Grade : 8, 9 & 10विषय : नेपाली Subject : Nepali La...","",""
"9:52",https://www.youtube.com/watch?v=ezCWmz6vaPg,"वाच्य भाग २ (Voice Part 2)प्रस्तोता : दिनेश के. सी.Presented by : Dinesh KCविद्यालय : जालुपा माध्यमिक विद्यालय, टोखा -८, बानियाँटार, काठमाडौँSchool : Jalupa ...","",""
"9:45",https://www.youtube.com/watch?v=KV9VkcImaiA,"कक्षा ९ र १०Grade : 9 and 10विषय : नेपाली भाषाSubject : Nepali Languageक्षेत्र : नेपाली व्याकरणScope :  Nepali Grammarपाठ्यवस्तु : सरल वाक्य, मिश्र वाक्य र स...","",""
"8:42",https://www.youtube.com/watch?v=AzVNkwiZagI,"वाक्य संश्लेषण तथा वाक्य विश्लेषणप्रस्तोता : दिनेश के. सी.Presented by : Dinesh KCकक्षा : १० Grade : 10कक्षा : ९Grade : 9विषय : नेपाली Subject : Nepali Langu...","",""
"14:45",https://www.youtube.com/watch?v=rgux0xhN1Qw,"कारक र विभक्तिको ३२ ओटा अभ्यास (कक्षा ९ र १०)- कारक र विभक्तिको पहिचान- कारक र विभक्तिको सूत्र- कारक र विभक्तिको प्रकार- दिनेश के .सी. (नेपाली भाषा विभाग प्र...","",""
"3:21",https://www.youtube.com/watch?v=pjxBx9m15FA,"कक्षा ९ र १०Grade : 9 and 10विषय : नेपाली भाषाSubject : Nepali Languageक्षेत्र : नेपाली व्याकरणScope :  Nepali Grammarपाठ्यवस्तु : वाक्य संश्लेषण र वाक्य विश...","",""
"2:31",https://www.youtube.com/watch?v=jx0RbC08ow8,"काल, पक्ष र भावको २० सेट अभ्यासप्रस्तोता : दिनेश के.सी.- एस.ई.ई.को तथा कक्षा ९ को प्रश्न नं ७ को लिखित परीक्षाको प्रश्नपत्रअनुसार तयार गरिएको सामग्री","",""
"10:04",https://www.youtube.com/watch?v=5AVNJKECzhs,"कक्षा ८, ९ र १० का लागि उपयोगी करण र अकरणका नियमका साथमा म दिनेश के.सी. उपस्थित भएको छु । लेखन तथा सम्पादन गर्दा केही त्रुटि भएका छन् यसका लागि म क्षमा चाहन्...","",""
"3:52",https://www.youtube.com/watch?v=3l2grci5cJk,"बुँदामा जन्मभूमि कथाको अध्ययन - मुख्य बुँदाहरू : दिनेश के. सी.","",""
"3:11",https://www.youtube.com/watch?v=v4Lblq_g548,"उपसर्ग, प्रत्यय, समास अनि विग्रहका फरक फरक अभ्यास सेटहरू(एस. ई. ई. दिने तथा माध्यमिक तहका सम्पूर्ण भाइबहिनीहरूका लागि उपयोगी सामग्री)","",""
"3:21",https://www.youtube.com/watch?v=Tz5eQ25Ml2M,"घरमा बसेर पदवर्गको अभ्यास गरौँ ।सिकाइको संसारमा चरा बनेर उडौँ । कक्षा ८, ९ र १० का विद्यार्थीहरूका लागि  यो पदवर्गको सेट बनाइएको छ । कोरोना भाइरसको कारण उब्ज...","",""
"3:57",https://www.youtube.com/watch?v=6y4JS-zxLYw,"नाम, सर्वनाम, विशेषण, क्रियायोगी, नामयोगी र संयोजकका सूत्रहरूप्रस्तोता:दिनेश के.सी.जालुपा मा.वि. बानियाँटार,गोङ्‌गबु, काठमाडौँ","",""
"3:18",https://www.youtube.com/watch?v=g2laQqJfae0,"कर्तृवाच्यबाट कर्मवाच्य र भाववाच्य बदल्ने सूत्र दिनेश के. सी. 2076/02/28कर्मवाच्यको सूत्र कर्तामा द्वारा धातुमा इकाल पक्ष भाव नहटाईकर्मको लाई हटाईआज्ञा इच्छा...","",""
"2:02",https://www.youtube.com/watch?v=Vp-xB0QnzTw,"कारक र विभक्ति कविताको गायन  (Karak Ra Bibhakti) कक्षा ९ को प्रस्तुति","",""
"3:01",https://www.youtube.com/watch?v=dRoR1kKnxT0,"Barsha Poem Grade 10 by Suvechchha Pyakurel","",""
"4:29",https://www.youtube.com/watch?v=YqE5ODd-0Wg,"वसन्त कोकिल कविता© जालुपा मा. वि. काठमाडौँका कक्षा ९ का गरिमा कुँवर, स्वीकृति श्रेष्ठका साथमा सबै विद्यार्थीहरूले वाचन गरेको कविता । मिति २०७६/ ०२/०९ मा ( Ba...","",""
"3:45",https://www.youtube.com/watch?v=fUwQ3HVQ6Tw,"जालुपा मा. वि. मा मिति २०७६/०२/ ०३ गते कक्षा ८ का विद्यार्थी भाइबहिनीहरूले कविता वाचन गरेको क्षण ।","",""
"1:03",https://www.youtube.com/watch?v=72kwu6jtdy0,"Bigu 8, Khopachagu is my native land.  The location is really beautiful. The nature is perfect. Mount Amabamare or Sumeru Parbat is the perfect view of this ...","",""
"1:14",https://www.youtube.com/watch?v=ji7J6CgPz14,"Bigu monastery is in Dolakha district. It's in Bigu Rural municipality. It's a very peaceful area. It's my homeland. I have taken this video in the last week...","",""
"2:08",https://www.youtube.com/watch?v=8lkIpsBiWMs,"चन्द्रविन्दु : सूत्र कविता      रचनाकार : दिनेश के.सी.      गायककार : धिरज रानाचन्द्रविन्दु जूनटिकी लाएको ।नाके ध्वनिसित आएको ।।हामी कर्ता आए सबै क्रियामा Iम...","",""
"1:55",https://www.youtube.com/watch?v=IAlcGqmpX_4,"रचनाकार : दिनेश के.सी.गायक : पिटर सुनुवारसङ्गीत : प्रजन बगालेसहयोगीहरू :  कक्षा ९ का विद्यार्थी,जालुपा मा. वि. टोखा-८ गोंगबु, काठमाडौँ परिवार----------------...","",""
"2:41",https://www.youtube.com/watch?v=pl-eUoTxji0,"कारक र विभक्तिको (कक्षा ९ र १० नेपाली व्याकरण ) गीत । २०७५/०२/१६","",""
